chain, residue_label, residue_name, score, zscore, probability, pocket
A,    1, MET,  0.0157,  -0.3707,   0.0004, 0
A,    2, SER,  0.0220,  -0.3672,   0.0005, 0
A,    3, GLU,  0.0156,  -0.3707,   0.0004, 0
A,    4, LYS,  0.0298,  -0.3629,   0.0006, 0
A,    5, PRO,  0.0278,  -0.3640,   0.0006, 0
A,    6, PHE,  0.1673,  -0.2862,   0.0051, 0
A,    7, VAL,  0.0458,  -0.3539,   0.0009, 0
A,    8, ASP,  0.0493,  -0.3520,   0.0010, 0
A,    9, ALA,  0.0204,  -0.3681,   0.0005, 0
A,   10, PRO,  0.0026,  -0.3780,   0.0003, 0
A,   11, PRO,  0.0013,  -0.3787,   0.0002, 0
A,   12, PRO,  0.0033,  -0.3776,   0.0003, 0
A,   13, GLU,  0.0125,  -0.3725,   0.0004, 0
A,   14, ASP,  0.0099,  -0.3739,   0.0004, 0
A,   15, GLY,  0.0147,  -0.3713,   0.0004, 0
A,   16, VAL,  0.0193,  -0.3687,   0.0005, 0
A,   17, ALA,  0.0163,  -0.3704,   0.0004, 0
A,   18, HIS,  0.0207,  -0.3679,   0.0005, 0
A,   19, GLN,  0.0130,  -0.3722,   0.0004, 0
A,   20, VAL,  0.0121,  -0.3727,   0.0004, 0
A,   21, SER,  0.0104,  -0.3737,   0.0004, 0
A,   22, PRO,  0.0058,  -0.3763,   0.0003, 0
A,   23, HIS,  0.0102,  -0.3738,   0.0004, 0
A,   24, ASP,  0.0040,  -0.3772,   0.0003, 0
A,   25, ASN,  0.0060,  -0.3761,   0.0003, 0
A,   26, GLY,  0.0067,  -0.3757,   0.0003, 0
A,   27, SER,  0.0075,  -0.3753,   0.0003, 0
A,   28, LEU,  0.0055,  -0.3764,   0.0003, 0
A,   29, SER,  0.0049,  -0.3767,   0.0003, 0
A,   30, GLU,  0.0048,  -0.3768,   0.0003, 0
A,   31, GLU,  0.0024,  -0.3781,   0.0003, 0
A,   32, ALA,  0.0106,  -0.3736,   0.0004, 0
A,   33, ASN,  0.0285,  -0.3636,   0.0006, 0
A,   34, SER,  0.0400,  -0.3572,   0.0008, 0
A,   35, ILE,  0.5927,  -0.0491,   0.0501, 0
A,   36, ASN,  0.3738,  -0.1711,   0.0208, 0
A,   37, GLU,  2.0171,   0.7449,   0.4175, 0
A,   38, TYR,  1.6350,   0.5319,   0.3198, 0
A,   39, THR,  1.0809,   0.2230,   0.1629, 0
A,   40, GLY,  1.3355,   0.3649,   0.2351, 0
A,   41, PHE,  2.4882,   1.0075,   0.5198, 0
A,   42, GLY,  1.7049,   0.5708,   0.3389, 0
A,   43, ALA,  0.5095,  -0.0954,   0.0373, 0
A,   44, HIS,  0.1425,  -0.3001,   0.0040, 0
A,   45, GLN,  0.2459,  -0.2424,   0.0098, 0
A,   46, GLU,  0.0592,  -0.3465,   0.0012, 0
A,   47, GLY,  0.0083,  -0.3749,   0.0003, 0
A,   48, GLU,  0.0282,  -0.3638,   0.0006, 0
A,   49, ILE,  0.4782,  -0.1129,   0.0330, 0
A,   50, ARG,  0.0450,  -0.3544,   0.0009, 0
A,   51, GLU,  0.0179,  -0.3695,   0.0005, 0
A,   52, LEU,  0.3445,  -0.1874,   0.0180, 0
A,   53, ALA,  0.3089,  -0.2073,   0.0147, 0
A,   54, ARG,  0.0465,  -0.3535,   0.0009, 0
A,   55, THR,  0.0509,  -0.3511,   0.0010, 0
A,   56, PHE,  0.4683,  -0.1184,   0.0317, 0
A,   57, THR,  0.0482,  -0.3526,   0.0010, 0
A,   58, ASN,  0.0543,  -0.3492,   0.0011, 0
A,   59, MET,  0.1169,  -0.3143,   0.0029, 0
A,   60, SER,  0.0685,  -0.3413,   0.0014, 0
A,   61, HIS,  0.0330,  -0.3611,   0.0007, 0
A,   62, ASP,  0.0508,  -0.3511,   0.0010, 0
A,   63, SER,  0.0110,  -0.3733,   0.0004, 0
A,   64, GLY,  0.0078,  -0.3751,   0.0003, 0
A,   65, HIS,  0.0188,  -0.3690,   0.0005, 0
A,   66, ASP,  0.0150,  -0.3711,   0.0004, 0
A,   67, LEU,  0.0265,  -0.3647,   0.0006, 0
A,   68, SER,  0.0133,  -0.3720,   0.0004, 0
A,   69, LYS,  0.0506,  -0.3513,   0.0010, 0
A,   70, THR,  0.0256,  -0.3652,   0.0006, 0
A,   71, ASN,  0.0158,  -0.3707,   0.0004, 0
A,   72, THR,  0.0455,  -0.3541,   0.0009, 0
A,   73, SER,  0.0465,  -0.3536,   0.0009, 0
A,   74, GLN,  0.0442,  -0.3548,   0.0009, 0
A,   75, ASP,  0.1193,  -0.3130,   0.0030, 0
A,   76, LEU,  0.1770,  -0.2808,   0.0056, 0
A,   77, LEU,  0.0931,  -0.3276,   0.0021, 0
A,   78, LYS,  0.5879,  -0.0518,   0.0493, 0
A,   79, TYR,  1.3565,   0.3766,   0.2411, 0
A,   80, LEU,  0.1888,  -0.2742,   0.0062, 0
A,   81, SER,  0.4045,  -0.1540,   0.0241, 0
A,   82, HIS,  1.4477,   0.4275,   0.2677, 0
A,   83, MET,  0.2715,  -0.2281,   0.0117, 0
A,   84, SER,  0.0676,  -0.3418,   0.0014, 0
A,   85, GLU,  0.6288,  -0.0290,   0.0562, 0
A,   86, VAL,  0.5598,  -0.0674,   0.0448, 0
A,   87, PRO,  0.0764,  -0.3369,   0.0016, 0
A,   88, GLY,  0.0551,  -0.3487,   0.0011, 0
A,   89, VAL,  0.0777,  -0.3361,   0.0017, 0
A,   90, GLU,  0.3277,  -0.1968,   0.0164, 0
A,   91, PRO,  0.4293,  -0.1402,   0.0269, 0
A,   92, PHE,  4.8505,   2.3242,   0.8141, 1
A,   93, ASP,  0.2348,  -0.2486,   0.0091, 0
A,   94, PRO,  0.4192,  -0.1458,   0.0257, 0
A,   95, GLU,  0.0126,  -0.3724,   0.0004, 0
A,   96, GLN,  0.0378,  -0.3584,   0.0008, 0
A,   97, ILE,  0.2339,  -0.2491,   0.0090, 0
A,   98, SER,  0.0700,  -0.3404,   0.0015, 0
A,   99, GLU,  0.0265,  -0.3647,   0.0006, 0
A,  100, GLN,  0.4738,  -0.1154,   0.0324, 0
A,  101, LEU,  0.1293,  -0.3074,   0.0034, 0
A,  102, ASN,  0.4669,  -0.1192,   0.0315, 0
A,  103, PRO,  1.1547,   0.2642,   0.1835, 0
A,  104, ASP,  0.6200,  -0.0339,   0.0547, 0
A,  105, SER,  1.2761,   0.3318,   0.2180, 0
A,  106, PRO,  1.2070,   0.2933,   0.1983, 0
A,  107, ASN,  0.5522,  -0.0716,   0.0436, 0
A,  108, PHE,  2.1345,   0.8103,   0.4441, 0
A,  109, ASN,  1.1980,   0.2883,   0.1957, 0
A,  110, ALA,  1.9848,   0.7269,   0.4098, 0
A,  111, LYS,  2.3736,   0.9436,   0.4964, 0
A,  112, PHE,  0.7521,   0.0398,   0.0805, 0
A,  113, TRP, 12.4966,   6.5861,   0.9892, 1
A,  114, VAL,  6.7988,   3.4102,   0.9111, 1
A,  115, LYS,  1.5937,   0.5089,   0.3085, 0
A,  116, ASN,  0.0188,  -0.3690,   0.0005, 0
A,  117, MET, 11.7857,   6.1899,   0.9861, 1
A,  118, ARG,  0.6214,  -0.0331,   0.0549, 1
A,  119, LYS,  0.0928,  -0.3277,   0.0021, 0
A,  120, LEU,  0.6355,  -0.0252,   0.0574, 1
A,  121, PHE, 11.5343,   6.0498,   0.9846, 1
A,  122, ASP,  0.0932,  -0.3275,   0.0021, 0
A,  123, SER,  0.1023,  -0.3224,   0.0024, 0
A,  124, ASN,  0.1740,  -0.2825,   0.0055, 0
A,  125, PRO,  0.0192,  -0.3688,   0.0005, 0
A,  126, ASP,  0.0251,  -0.3654,   0.0006, 0
A,  127, TYR,  0.2957,  -0.2146,   0.0136, 0
A,  128, TYR,  2.9199,   1.2481,   0.5980, 1
A,  129, LYS,  0.9161,   0.1312,   0.1193, 0
A,  130, PRO,  1.8763,   0.6664,   0.3831, 1
A,  131, SER,  2.0721,   0.7756,   0.4302, 1
A,  132, LYS,  0.3561,  -0.1810,   0.0190, 0
A,  133, LEU,  0.2460,  -0.2423,   0.0098, 0
A,  134, GLY,  0.2362,  -0.2478,   0.0091, 0
A,  135, LEU,  0.3376,  -0.1913,   0.0173, 0
A,  136, ALA,  0.2021,  -0.2668,   0.0070, 0
A,  137, TYR,  0.7009,   0.0112,   0.0698, 0
A,  138, ARG,  0.0556,  -0.3484,   0.0011, 0
A,  139, ASN,  0.0410,  -0.3566,   0.0008, 0
A,  140, LEU,  1.1252,   0.2477,   0.1752, 0
A,  141, ARG,  0.5291,  -0.0845,   0.0402, 0
A,  142, ALA,  0.0030,  -0.3778,   0.0003, 0
A,  143, TYR,  0.9586,   0.1549,   0.1301, 0
A,  144, GLY,  1.1227,   0.2464,   0.1746, 8
A,  145, VAL,  1.6247,   0.5261,   0.3170, 8
A,  146, ALA,  1.4292,   0.4172,   0.2623, 0
A,  147, ALA,  1.2199,   0.3005,   0.2020, 0
A,  148, ASP,  0.6761,  -0.0026,   0.0650, 0
A,  149, SER,  0.6633,  -0.0097,   0.0625, 0
A,  150, ASP,  1.0328,   0.1962,   0.1497, 8
A,  151, TYR,  0.5875,  -0.0520,   0.0493, 0
A,  152, GLN,  1.0088,   0.1828,   0.1433, 0
A,  153, PRO,  1.0112,   0.1842,   0.1439, 0
A,  154, THR,  1.2417,   0.3127,   0.2081, 0
A,  155, VAL,  1.2449,   0.3144,   0.2090, 0
A,  156, SER,  0.3767,  -0.1695,   0.0211, 0
A,  157, ASN,  0.9187,   0.1326,   0.1200, 0
A,  158, GLY,  0.5380,  -0.0796,   0.0415, 0
A,  159, LEU,  0.9686,   0.1605,   0.1327, 0
A,  160, TRP,  0.5227,  -0.0881,   0.0392, 0
A,  161, LYS,  0.7626,   0.0456,   0.0828, 0
A,  162, MET,  1.0164,   0.1871,   0.1454, 0
A,  163, ALA,  0.3565,  -0.1808,   0.0191, 0
A,  164, VAL,  0.7032,   0.0125,   0.0703, 0
A,  165, ASP,  0.5756,  -0.0586,   0.0473, 0
A,  166, TYR,  0.4333,  -0.1379,   0.0274, 0
A,  167, TRP,  0.5670,  -0.0634,   0.0459, 0
A,  168, HIS,  0.7006,   0.0110,   0.0698, 0
A,  169, ASP,  0.7096,   0.0161,   0.0716, 0
A,  170, MET,  0.1732,  -0.2829,   0.0054, 0
A,  171, ARG,  0.4103,  -0.1508,   0.0247, 0
A,  172, LYS,  0.2000,  -0.2680,   0.0069, 0
A,  173, ILE,  1.0839,   0.2247,   0.1637, 0
A,  174, ASP,  0.3481,  -0.1854,   0.0183, 0
A,  175, GLU,  0.6211,  -0.0333,   0.0549, 0
A,  176, SER,  0.0487,  -0.3523,   0.0010, 0
A,  177, ARG,  0.6845,   0.0021,   0.0666, 0
A,  178, CYS,  0.7078,   0.0151,   0.0713, 0
A,  179, PHE,  2.2145,   0.8549,   0.4624, 8
A,  180, ASP,  0.9256,   0.1365,   0.1217, 0
A,  181, ILE,  2.7528,   1.1550,   0.5693, 4
A,  182, LEU,  0.8721,   0.1067,   0.1083, 0
A,  183, LYS,  0.7089,   0.0157,   0.0715, 0
A,  184, THR,  0.3721,  -0.1720,   0.0206, 0
A,  185, MET,  0.7075,   0.0149,   0.0712, 0
A,  186, ASP,  0.7339,   0.0296,   0.0767, 0
A,  187, GLY,  0.5194,  -0.0899,   0.0387, 0
A,  188, TYR,  0.5269,  -0.0857,   0.0398, 18
A,  189, PHE,  0.8198,   0.0775,   0.0958, 0
A,  190, LYS,  0.3554,  -0.1813,   0.0190, 18
A,  191, PRO,  0.2403,  -0.2455,   0.0094, 0
A,  192, GLY,  0.0736,  -0.3385,   0.0016, 0
A,  193, GLU,  0.1005,  -0.3234,   0.0024, 18
A,  194, VAL,  0.0143,  -0.3715,   0.0004, 0
A,  195, THR,  0.0000,  -0.3795,   0.0002, 0
A,  196, VAL,  0.1219,  -0.3115,   0.0031, 0
A,  197, VAL,  1.1864,   0.2818,   0.1924, 0
A,  198, LEU,  0.7242,   0.0242,   0.0747, 0
A,  199, GLY,  1.2180,   0.2994,   0.2014, 4
A,  200, ARG,  3.7368,   1.7035,   0.7125, 4
A,  201, PRO,  3.5867,   1.6198,   0.6943, 4
A,  202, GLY,  2.9528,   1.2664,   0.6036, 4
A,  203, SER,  2.4024,   0.9596,   0.5023, 0
A,  204, GLY,  2.3636,   0.9380,   0.4942, 4
A,  205, CYS,  2.6528,   1.0992,   0.5511, 4
A,  206, SER,  3.7005,   1.6832,   0.7083, 4
A,  207, THR,  2.9854,   1.2846,   0.6089, 4
A,  208, LEU,  1.0942,   0.2304,   0.1665, 0
A,  209, LEU,  0.1890,  -0.2741,   0.0062, 0
A,  210, LYS,  1.9785,   0.7233,   0.4082, 8
A,  211, THR,  0.9360,   0.1423,   0.1243, 0
A,  212, ILE,  1.0539,   0.2080,   0.1555, 0
A,  213, ALA,  0.7152,   0.0192,   0.0728, 0
A,  214, CYS,  1.3147,   0.3534,   0.2292, 0
A,  215, ASN,  1.0499,   0.2058,   0.1544, 11
A,  216, THR,  1.2436,   0.3137,   0.2087, 0
A,  217, TYR,  1.3120,   0.3518,   0.2285, 8
A,  218, GLY,  1.3684,   0.3833,   0.2446, 8
A,  219, PHE,  1.5757,   0.4988,   0.3036, 8
A,  220, HIS,  1.0533,   0.2077,   0.1553, 0
A,  221, ILE,  1.2538,   0.3194,   0.2116, 0
A,  222, GLY,  0.4897,  -0.1065,   0.0345, 0
A,  223, GLU,  0.2837,  -0.2213,   0.0126, 0
A,  224, GLU,  0.1862,  -0.2756,   0.0061, 0
A,  225, SER,  0.1818,  -0.2781,   0.0058, 0
A,  226, GLN,  0.1318,  -0.3060,   0.0035, 0
A,  227, ILE,  1.0204,   0.1893,   0.1465, 0
A,  228, SER,  0.1185,  -0.3134,   0.0030, 0
A,  229, TYR,  0.8613,   0.1006,   0.1056, 0
A,  230, ASP,  0.2143,  -0.2600,   0.0077, 0
A,  231, GLY,  0.1212,  -0.3119,   0.0031, 0
A,  232, MET,  0.8061,   0.0698,   0.0926, 0
A,  233, THR,  0.2248,  -0.2541,   0.0084, 0
A,  234, PRO,  1.1988,   0.2888,   0.1959, 0
A,  235, ASP,  0.3866,  -0.1640,   0.0221, 0
A,  236, GLU,  0.7266,   0.0256,   0.0752, 0
A,  237, ILE,  0.7224,   0.0232,   0.0743, 0
A,  238, HIS,  0.8537,   0.0964,   0.1038, 17
A,  239, LYS,  0.2310,  -0.2507,   0.0088, 0
A,  240, HIS,  0.9934,   0.1743,   0.1391, 0
A,  241, HIS,  1.7100,   0.5737,   0.3402, 0
A,  242, ARG,  0.5668,  -0.0635,   0.0459, 17
A,  243, GLY,  0.3490,  -0.1849,   0.0184, 0
A,  244, ASP,  1.3795,   0.3895,   0.2478, 0
A,  245, VAL,  0.2703,  -0.2288,   0.0116, 0
A,  246, VAL,  0.1776,  -0.2805,   0.0056, 0
A,  247, TYR,  0.8873,   0.1151,   0.1120, 11
A,  248, SER,  0.5400,  -0.0785,   0.0418, 0
A,  249, ALA,  1.0952,   0.2310,   0.1668, 11
A,  250, GLU,  1.4567,   0.4325,   0.2704, 9
A,  251, THR,  0.9305,   0.1392,   0.1229, 11
A,  252, ASP,  0.6964,   0.0087,   0.0689, 0
A,  253, VAL,  0.7629,   0.0458,   0.0829, 11
A,  254, HIS,  0.5881,  -0.0517,   0.0494, 29
A,  255, PHE,  1.7739,   0.6093,   0.3570, 2
A,  256, PRO,  1.0371,   0.1986,   0.1509, 0
A,  257, HIS,  1.1345,   0.2529,   0.1778, 2
A,  258, LEU,  0.7520,   0.0397,   0.0805, 0
A,  259, SER,  0.0814,  -0.3341,   0.0018, 0
A,  260, VAL,  0.0066,  -0.3758,   0.0003, 0
A,  261, GLY,  0.0536,  -0.3496,   0.0011, 0
A,  262, ASP,  0.4104,  -0.1507,   0.0247, 0
A,  263, THR,  0.3034,  -0.2104,   0.0142, 29
A,  264, LEU,  0.1546,  -0.2933,   0.0045, 0
A,  265, GLU,  0.4678,  -0.1187,   0.0316, 0
A,  266, PHE,  0.8107,   0.0724,   0.0936, 29
A,  267, ALA,  0.2018,  -0.2670,   0.0070, 0
A,  268, ALA,  0.4049,  -0.1538,   0.0241, 1
A,  269, LYS,  0.7999,   0.0664,   0.0911, 0
A,  270, LEU,  0.1958,  -0.2703,   0.0066, 0
A,  271, ARG,  2.1608,   0.8250,   0.4502, 1
A,  272, THR,  1.3344,   0.3643,   0.2348, 0
A,  273, PRO,  7.9839,   4.0708,   0.9421, 1
A,  274, GLN,  0.1284,  -0.3079,   0.0034, 0
A,  275, ASN,  1.9656,   0.7162,   0.4050, 1
A,  276, ARG,  2.0514,   0.7640,   0.4254, 1
A,  277, GLY,  0.4019,  -0.1555,   0.0238, 0
A,  278, GLU,  0.1359,  -0.3037,   0.0037, 0
A,  279, VAL,  0.3358,  -0.1923,   0.0172, 0
A,  280, SER,  0.1287,  -0.3077,   0.0034, 0
A,  281, ARG,  0.2875,  -0.2192,   0.0130, 0
A,  282, LEU,  0.6550,  -0.0144,   0.0609, 0
A,  283, GLU,  0.2676,  -0.2303,   0.0114, 0
A,  284, HIS,  6.9118,   3.4732,   0.9147, 1
A,  285, ALA,  0.0394,  -0.3575,   0.0008, 0
A,  286, LYS,  0.3514,  -0.1836,   0.0186, 0
A,  287, HIS,  0.3973,  -0.1580,   0.0233, 0
A,  288, MET, 12.5308,   6.6052,   0.9894, 1
A,  289, ALA,  0.0309,  -0.3622,   0.0007, 0
A,  290, SER,  0.3096,  -0.2069,   0.0148, 0
A,  291, VAL,  4.6840,   2.2314,   0.8016, 1
A,  292, THR,  3.5768,   1.6143,   0.6930, 1
A,  293, MET,  0.7537,   0.0407,   0.0809, 0
A,  294, ALA,  1.4996,   0.4564,   0.2825, 0
A,  295, THR,  4.4790,   2.1171,   0.7856, 1
A,  296, TYR,  2.6878,   1.1187,   0.5574, 1
A,  297, GLY,  1.4471,   0.4271,   0.2675, 0
A,  298, LEU,  0.6446,  -0.0202,   0.0590, 0
A,  299, SER,  1.3866,   0.3935,   0.2499, 0
A,  300, HIS,  0.6713,  -0.0053,   0.0640, 0
A,  301, THR,  0.0792,  -0.3353,   0.0017, 0
A,  302, ARG,  0.3295,  -0.1958,   0.0166, 0
A,  303, ASN,  0.0759,  -0.3372,   0.0016, 0
A,  304, THR,  0.0459,  -0.3539,   0.0009, 0
A,  305, PRO,  0.1122,  -0.3169,   0.0028, 0
A,  306, VAL,  0.1106,  -0.3178,   0.0027, 0
A,  307, GLY,  0.0765,  -0.3368,   0.0016, 0
A,  308, ASN,  0.7589,   0.0436,   0.0820, 0
A,  309, ASP,  0.2824,  -0.2220,   0.0125, 0
A,  310, PHE,  1.0012,   0.1786,   0.1412, 0
A,  311, VAL,  0.5118,  -0.0942,   0.0376, 0
A,  312, ARG,  0.2154,  -0.2594,   0.0078, 0
A,  313, GLY,  0.0866,  -0.3312,   0.0019, 0
A,  314, VAL,  0.0485,  -0.3524,   0.0010, 0
A,  315, SER,  0.7145,   0.0188,   0.0726, 0
A,  316, GLY,  0.7699,   0.0497,   0.0845, 0
A,  317, GLY,  1.0269,   0.1929,   0.1482, 0
A,  318, GLU,  0.5704,  -0.0615,   0.0465, 0
A,  319, ARG,  0.3731,  -0.1715,   0.0207, 0
A,  320, LYS,  0.8584,   0.0990,   0.1049, 0
A,  321, ARG,  1.0335,   0.1966,   0.1499, 0
A,  322, VAL,  0.0303,  -0.3626,   0.0006, 0
A,  323, SER,  0.4721,  -0.1163,   0.0322, 0
A,  324, ILE,  0.9556,   0.1532,   0.1293, 0
A,  325, ALA,  0.4155,  -0.1479,   0.0253, 0
A,  326, GLU,  0.6385,  -0.0236,   0.0580, 29
A,  327, VAL,  0.5821,  -0.0550,   0.0484, 0
A,  328, SER,  4.4744,   2.1146,   0.7852, 1
A,  329, LEU,  2.2314,   0.8643,   0.4662, 1
A,  330, SER,  0.7899,   0.0608,   0.0889, 0
A,  331, GLY,  5.2586,   2.5517,   0.8413, 1
A,  332, ALA,  0.6408,  -0.0223,   0.0584, 1
A,  333, ASN,  1.2016,   0.2903,   0.1967, 1
A,  334, ILE,  0.0430,  -0.3555,   0.0009, 0
A,  335, GLN,  0.8834,   0.1130,   0.1110, 1
A,  336, CYS,  0.0430,  -0.3555,   0.0009, 0
A,  337, TRP,  0.5801,  -0.0561,   0.0481, 0
A,  338, ASP,  1.4959,   0.4543,   0.2815, 4
A,  339, ASN,  2.4548,   0.9888,   0.5130, 4
A,  340, ALA,  0.0982,  -0.3247,   0.0023, 0
A,  341, THR,  0.7072,   0.0147,   0.0711, 0
A,  342, ARG,  2.5481,   1.0409,   0.5313, 0
A,  343, GLY,  2.2441,   0.8714,   0.4690, 0
A,  344, LEU,  2.6354,   1.0895,   0.5479, 0
A,  345, ASP,  2.5250,   1.0280,   0.5269, 0
A,  346, ALA,  1.2729,   0.3300,   0.2171, 20
A,  347, ALA,  1.1951,   0.2867,   0.1949, 0
A,  348, THR,  1.2811,   0.3346,   0.2194, 0
A,  349, ALA,  0.6707,  -0.0056,   0.0639, 0
A,  350, LEU,  0.8719,   0.1065,   0.1083, 0
A,  351, GLU,  0.8031,   0.0682,   0.0919, 0
A,  352, PHE,  0.6555,  -0.0141,   0.0610, 0
A,  353, ILE,  0.5470,  -0.0746,   0.0428, 0
A,  354, ARG,  0.8031,   0.0682,   0.0919, 0
A,  355, ALA,  2.2294,   0.8632,   0.4658, 1
A,  356, LEU,  0.7379,   0.0318,   0.0776, 1
A,  357, LYS,  0.7543,   0.0410,   0.0810, 0
A,  358, THR,  2.2835,   0.8934,   0.4775, 1
A,  359, SER,  3.4666,   1.5528,   0.6783, 1
A,  360, ALA,  0.1154,  -0.3151,   0.0029, 0
A,  361, ALA,  0.8652,   0.1028,   0.1066, 0
A,  362, ILE,  1.5299,   0.4733,   0.2910, 0
A,  363, LEU, 11.9545,   6.2840,   0.9870, 1
A,  364, ASP,  0.1480,  -0.2970,   0.0042, 0
A,  365, ALA,  0.3523,  -0.1831,   0.0187, 1
A,  366, THR,  0.0726,  -0.3390,   0.0015, 0
A,  367, PRO,  0.0291,  -0.3632,   0.0006, 0
A,  368, LEU,  0.0430,  -0.3555,   0.0009, 0
A,  369, ILE,  0.1203,  -0.3124,   0.0031, 0
A,  370, ALA,  0.9329,   0.1406,   0.1235, 4
A,  371, ILE,  1.0358,   0.1979,   0.1505, 4
A,  372, TYR,  2.5372,   1.0348,   0.5292, 4
A,  373, GLN,  1.9725,   0.7200,   0.4067, 20
A,  374, CYS,  0.6585,  -0.0124,   0.0616, 20
A,  375, SER,  1.2975,   0.3438,   0.2242, 20
A,  376, GLN,  0.7927,   0.0624,   0.0895, 0
A,  377, ASP,  0.6578,  -0.0128,   0.0615, 0
A,  378, ALA,  0.2064,  -0.2644,   0.0072, 0
A,  379, TYR,  0.1065,  -0.3201,   0.0026, 0
A,  380, ASP,  0.0998,  -0.3238,   0.0023, 0
A,  381, LEU,  0.3293,  -0.1959,   0.0165, 0
A,  382, PHE,  0.0072,  -0.3754,   0.0003, 0
A,  383, ASP,  0.0448,  -0.3545,   0.0009, 0
A,  384, ASN,  0.3121,  -0.2055,   0.0150, 18
A,  385, VAL,  0.0279,  -0.3639,   0.0006, 0
A,  386, ILE,  0.5194,  -0.0899,   0.0387, 0
A,  387, VAL,  0.0000,  -0.3795,   0.0002, 0
A,  388, LEU,  0.7589,   0.0436,   0.0820, 0
A,  389, TYR,  0.7702,   0.0498,   0.0845, 0
A,  390, GLU,  1.1621,   0.2683,   0.1856, 0
A,  391, GLY,  0.1595,  -0.2905,   0.0048, 0
A,  392, TYR,  0.7378,   0.0318,   0.0775, 0
A,  393, GLN,  0.7704,   0.0499,   0.0846, 0
A,  394, ILE,  0.1091,  -0.3186,   0.0027, 0
A,  395, PHE,  0.3567,  -0.1806,   0.0191, 0
A,  396, PHE,  0.9507,   0.1505,   0.1280, 18
A,  397, GLY,  0.4194,  -0.1457,   0.0258, 18
A,  398, LYS,  0.4526,  -0.1272,   0.0297, 18
A,  399, ALA,  0.0187,  -0.3690,   0.0005, 0
A,  400, SER,  0.0288,  -0.3634,   0.0006, 0
A,  401, GLU,  0.1093,  -0.3185,   0.0027, 18
A,  402, ALA,  0.0144,  -0.3714,   0.0004, 0
A,  403, LYS,  0.1579,  -0.2914,   0.0047, 0
A,  404, GLN,  0.2009,  -0.2675,   0.0069, 0
A,  405, PHE,  0.4455,  -0.1311,   0.0289, 0
A,  406, PHE,  0.1129,  -0.3165,   0.0028, 0
A,  407, LEU,  0.0871,  -0.3309,   0.0019, 0
A,  408, ASP,  0.4971,  -0.1024,   0.0355, 0
A,  409, MET,  0.5051,  -0.0979,   0.0366, 0
A,  410, GLY,  0.0708,  -0.3400,   0.0015, 0
A,  411, TYR,  0.1692,  -0.2852,   0.0052, 0
A,  412, GLU,  0.0625,  -0.3446,   0.0013, 0
A,  413, CYS,  0.1174,  -0.3140,   0.0030, 0
A,  414, PRO,  0.3789,  -0.1683,   0.0213, 15
A,  415, GLN,  0.1244,  -0.3101,   0.0032, 0
A,  416, ARG,  0.6775,  -0.0018,   0.0652, 0
A,  417, GLN,  1.0015,   0.1788,   0.1413, 15
A,  418, THR,  0.8454,   0.0917,   0.1018, 20
A,  419, THR,  0.0945,  -0.3268,   0.0022, 0
A,  420, ALA,  0.4808,  -0.1115,   0.0333, 0
A,  421, ASP,  1.2936,   0.3416,   0.2230, 15
A,  422, PHE,  0.2036,  -0.2660,   0.0071, 0
A,  423, LEU,  0.0092,  -0.3743,   0.0003, 0
A,  424, THR,  0.6634,  -0.0097,   0.0625, 4
A,  425, SER,  0.5014,  -0.1000,   0.0361, 0
A,  426, LEU,  0.0114,  -0.3731,   0.0004, 0
A,  427, THR,  0.0663,  -0.3425,   0.0014, 0
A,  428, ASN,  0.7270,   0.0257,   0.0753, 7
A,  429, PRO,  0.8684,   0.1046,   0.1074, 0
A,  430, GLU,  0.4185,  -0.1462,   0.0257, 7
A,  431, GLU,  0.6118,  -0.0385,   0.0533, 15
A,  432, ARG,  0.6615,  -0.0107,   0.0622, 0
A,  433, VAL,  0.0944,  -0.3268,   0.0022, 15
A,  434, VAL,  0.1387,  -0.3021,   0.0038, 0
A,  435, LYS,  0.0824,  -0.3335,   0.0018, 0
A,  436, PRO,  0.0519,  -0.3506,   0.0011, 0
A,  437, GLY,  0.0268,  -0.3645,   0.0006, 0
A,  438, PHE,  0.1274,  -0.3084,   0.0033, 0
A,  439, GLU,  0.1012,  -0.3231,   0.0024, 0
A,  440, ASN,  0.0071,  -0.3755,   0.0003, 0
A,  441, LYS,  0.1526,  -0.2944,   0.0044, 0
A,  442, VAL,  0.1945,  -0.2711,   0.0065, 0
A,  443, PRO,  0.2441,  -0.2434,   0.0097, 0
A,  444, ARG,  0.6789,  -0.0011,   0.0655, 0
A,  445, THR,  0.9208,   0.1338,   0.1205, 0
A,  446, ALA,  0.8334,   0.0851,   0.0990, 0
A,  447, LYS,  0.6401,  -0.0226,   0.0582, 0
A,  448, GLU,  0.1416,  -0.3005,   0.0040, 0
A,  449, PHE,  0.1647,  -0.2876,   0.0050, 0
A,  450, SER,  0.2772,  -0.2249,   0.0121, 0
A,  451, ASP,  0.1469,  -0.2976,   0.0042, 0
A,  452, TYR,  0.6272,  -0.0299,   0.0560, 0
A,  453, TRP,  0.5289,  -0.0846,   0.0401, 0
A,  454, ARG,  0.4048,  -0.1538,   0.0241, 0
A,  455, ASN,  0.1742,  -0.2824,   0.0055, 0
A,  456, SER,  0.4451,  -0.1313,   0.0288, 0
A,  457, SER,  0.3804,  -0.1675,   0.0215, 0
A,  458, ASN,  0.5842,  -0.0538,   0.0488, 18
A,  459, TYR,  0.3112,  -0.2060,   0.0149, 0
A,  460, LYS,  0.0543,  -0.3492,   0.0011, 0
A,  461, VAL,  0.4867,  -0.1082,   0.0341, 18
A,  462, LEU,  0.5281,  -0.0851,   0.0400, 18
A,  463, THR,  0.1607,  -0.2899,   0.0048, 0
A,  464, ALA,  0.0793,  -0.3353,   0.0017, 0
A,  465, GLY,  0.2267,  -0.2531,   0.0085, 18
A,  466, ILE,  0.1210,  -0.3120,   0.0031, 0
A,  467, ASP,  0.0150,  -0.3711,   0.0004, 0
A,  468, LYS,  0.0993,  -0.3241,   0.0023, 0
A,  469, TYR,  0.2690,  -0.2295,   0.0115, 0
A,  470, LEU,  0.1183,  -0.3135,   0.0030, 0
A,  471, ALA,  0.0416,  -0.3563,   0.0008, 0
A,  472, GLU,  0.1240,  -0.3103,   0.0032, 0
A,  473, VAL,  0.2585,  -0.2354,   0.0107, 0
A,  474, ALA,  0.1196,  -0.3128,   0.0030, 0
A,  475, ASP,  0.0299,  -0.3628,   0.0006, 0
A,  476, GLY,  0.0323,  -0.3614,   0.0007, 0
A,  477, SER,  0.0425,  -0.3558,   0.0009, 0
A,  478, GLN,  0.3406,  -0.1896,   0.0176, 0
A,  479, ARG,  0.7630,   0.0459,   0.0829, 0
A,  480, GLU,  0.1836,  -0.2771,   0.0059, 0
A,  481, ALA,  0.1582,  -0.2913,   0.0047, 0
A,  482, TYR,  1.5925,   0.5082,   0.3082, 0
A,  483, ARG,  1.2025,   0.2908,   0.1970, 0
A,  484, ALA,  0.1034,  -0.3219,   0.0025, 0
A,  485, SER,  1.1566,   0.2652,   0.1840, 0
A,  486, HIS,  1.5201,   0.4678,   0.2883, 0
A,  487, VAL,  0.5637,  -0.0652,   0.0454, 0
A,  488, ALA,  0.0493,  -0.3520,   0.0010, 0
A,  489, LYS,  5.7237,   2.8109,   0.8670, 1
A,  490, GLN,  0.7358,   0.0307,   0.0771, 0
A,  491, SER,  0.1334,  -0.3051,   0.0036, 0
A,  492, ASP,  0.0928,  -0.3277,   0.0021, 0
A,  493, HIS,  0.5530,  -0.0712,   0.0437, 0
A,  494, THR,  0.8551,   0.0971,   0.1041, 0
A,  495, ARG,  0.9421,   0.1457,   0.1258, 0
A,  496, PRO,  0.3698,  -0.1733,   0.0204, 0
A,  497, SER,  0.6966,   0.0088,   0.0690, 0
A,  498, SER,  1.0971,   0.2321,   0.1673, 0
A,  499, PRO,  0.9241,   0.1357,   0.1214, 17
A,  500, TYR,  1.0612,   0.2120,   0.1575, 17
A,  501, THR,  0.9596,   0.1554,   0.1303, 0
A,  502, VAL,  0.5646,  -0.0648,   0.0455, 0
A,  503, SER,  1.0475,   0.2044,   0.1537, 0
A,  504, PHE,  2.0245,   0.7490,   0.4192, 0
A,  505, PHE,  1.4371,   0.4216,   0.2646, 0
A,  506, MET,  0.3612,  -0.1781,   0.0195, 0
A,  507, GLN,  0.6680,  -0.0071,   0.0634, 0
A,  508, THR,  0.2709,  -0.2285,   0.0116, 0
A,  509, ARG,  0.8424,   0.0901,   0.1011, 0
A,  510, TYR,  0.9069,   0.1260,   0.1169, 0
A,  511, ILE,  0.4988,  -0.1014,   0.0358, 0
A,  512, ILE,  0.6757,  -0.0028,   0.0649, 0
A,  513, GLY,  0.9720,   0.1623,   0.1336, 0
A,  514, ARG,  1.6127,   0.5194,   0.3137, 2
A,  515, ASN,  1.5079,   0.4611,   0.2849, 2
A,  516, PHE,  0.9019,   0.1232,   0.1156, 0
A,  517, LEU,  0.8487,   0.0936,   0.1026, 0
A,  518, ARG,  2.2212,   0.8587,   0.4639, 2
A,  519, MET,  1.4809,   0.4460,   0.2772, 2
A,  520, LYS,  0.2429,  -0.2441,   0.0096, 0
A,  521, GLY,  0.3818,  -0.1666,   0.0216, 0
A,  522, ASP,  1.2361,   0.3096,   0.2065, 2
A,  523, PRO,  0.1299,  -0.3070,   0.0035, 0
A,  524, SER,  0.5493,  -0.0733,   0.0432, 0
A,  525, ILE,  2.0283,   0.7511,   0.4201, 2
A,  526, VAL,  1.4152,   0.4094,   0.2583, 2
A,  527, ILE,  1.2370,   0.3100,   0.2068, 0
A,  528, PHE,  3.0106,   1.2986,   0.6129, 3
A,  529, SER,  2.1350,   0.8106,   0.4442, 2
A,  530, ILE,  1.6241,   0.5258,   0.3168, 0
A,  531, PHE,  2.7120,   1.1322,   0.5618, 0
A,  532, GLY,  3.3431,   1.4840,   0.6619, 3
A,  533, GLN,  3.0063,   1.2963,   0.6123, 3
A,  534, GLY,  1.0919,   0.2292,   0.1659, 0
A,  535, VAL,  2.7048,   1.1282,   0.5605, 0
A,  536, MET,  2.4669,   0.9956,   0.5155, 3
A,  537, GLY,  0.0359,  -0.3595,   0.0007, 0
A,  538, LEU,  0.9232,   0.1351,   0.1211, 0
A,  539, ILE,  1.1810,   0.2788,   0.1909, 0
A,  540, LEU,  0.9909,   0.1729,   0.1385, 0
A,  541, SER,  0.0653,  -0.3430,   0.0014, 0
A,  542, SER,  0.5174,  -0.0910,   0.0384, 0
A,  543, VAL,  0.3545,  -0.1819,   0.0189, 0
A,  544, PHE,  0.5081,  -0.0963,   0.0370, 0
A,  545, TYR,  0.9261,   0.1367,   0.1218, 0
A,  546, ASN,  0.4868,  -0.1081,   0.0341, 0
A,  547, LEU,  0.7294,   0.0271,   0.0758, 0
A,  548, GLN,  0.5354,  -0.0810,   0.0411, 0
A,  549, PRO,  0.4202,  -0.1452,   0.0258, 0
A,  550, THR,  0.1958,  -0.2703,   0.0066, 0
A,  551, THR,  0.1499,  -0.2959,   0.0043, 0
A,  552, GLY,  0.4690,  -0.1181,   0.0318, 14
A,  553, SER,  0.5848,  -0.0535,   0.0488, 0
A,  554, PHE,  1.7188,   0.5786,   0.3426, 5
A,  555, TYR,  2.4455,   0.9836,   0.5111, 5
A,  556, TYR,  1.4182,   0.4110,   0.2591, 14
A,  557, ARG,  0.4984,  -0.1017,   0.0357, 0
A,  558, GLY,  1.4619,   0.4354,   0.2718, 5
A,  559, ALA,  1.0290,   0.1941,   0.1487, 0
A,  560, ALA,  0.0000,  -0.3795,   0.0002, 0
A,  561, MET,  0.2085,  -0.2632,   0.0074, 0
A,  562, PHE,  1.4046,   0.4035,   0.2552, 0
A,  563, PHE,  2.1336,   0.8098,   0.4439, 0
A,  564, ALA,  0.0127,  -0.3724,   0.0004, 0
A,  565, VAL,  0.3951,  -0.1592,   0.0230, 0
A,  566, LEU,  2.5430,   1.0380,   0.5304, 28
A,  567, PHE,  2.8265,   1.1960,   0.5822, 3
A,  568, ASN,  0.2471,  -0.2417,   0.0099, 0
A,  569, ALA,  0.4441,  -0.1319,   0.0287, 28
A,  570, PHE,  4.0364,   1.8704,   0.7455, 3
A,  571, ALA,  1.7273,   0.5833,   0.3448, 3
A,  572, SER,  0.5456,  -0.0753,   0.0426, 0
A,  573, LEU,  0.8925,   0.1180,   0.1133, 3
A,  574, LEU,  2.3260,   0.9171,   0.4862, 3
A,  575, GLU,  0.8962,   0.1201,   0.1142, 2
A,  576, ILE,  0.0766,  -0.3367,   0.0016, 0
A,  577, MET,  1.1505,   0.2618,   0.1823, 0
A,  578, SER,  2.2297,   0.8634,   0.4658, 2
A,  579, LEU,  1.4435,   0.4252,   0.2665, 2
A,  580, PHE,  0.6640,  -0.0093,   0.0626, 0
A,  581, GLU,  2.0200,   0.7465,   0.4181, 2
A,  582, ALA,  1.4318,   0.4186,   0.2631, 2
A,  583, ARG,  0.7300,   0.0275,   0.0760, 0
A,  584, PRO,  0.3265,  -0.1975,   0.0163, 11
A,  585, ILE,  0.4545,  -0.1261,   0.0300, 0
A,  586, VAL,  1.0159,   0.1868,   0.1452, 2
A,  587, GLU,  0.4369,  -0.1359,   0.0279, 11
A,  588, LYS,  0.8773,   0.1095,   0.1096, 11
A,  589, HIS,  0.2731,  -0.2272,   0.0118, 29
A,  590, LYS,  0.4001,  -0.1565,   0.0236, 17
A,  591, LYS,  0.9626,   0.1571,   0.1311, 11
A,  592, TYR,  0.7294,   0.0271,   0.0758, 11
A,  593, ALA,  0.0426,  -0.3557,   0.0009, 0
A,  594, LEU,  0.1820,  -0.2780,   0.0059, 0
A,  595, TYR,  0.3487,  -0.1851,   0.0184, 0
A,  596, ARG,  1.3863,   0.3932,   0.2497, 0
A,  597, PRO,  0.6476,  -0.0185,   0.0596, 17
A,  598, SER,  0.6668,  -0.0078,   0.0632, 0
A,  599, ALA,  0.2055,  -0.2649,   0.0072, 0
A,  600, ASP,  1.1321,   0.2516,   0.1771, 2
A,  601, ALA,  0.6988,   0.0100,   0.0694, 0
A,  602, LEU,  1.1514,   0.2623,   0.1825, 27
A,  603, ALA,  0.1978,  -0.2692,   0.0067, 0
A,  604, SER,  1.3570,   0.3769,   0.2413, 2
A,  605, ILE,  0.2236,  -0.2548,   0.0083, 27
A,  606, ILE,  0.6414,  -0.0219,   0.0585, 27
A,  607, SER,  0.9176,   0.1320,   0.1197, 2
A,  608, GLU,  1.7376,   0.5891,   0.3476, 2
A,  609, LEU,  0.5744,  -0.0593,   0.0471, 27
A,  610, PRO,  0.7875,   0.0595,   0.0884, 0
A,  611, VAL,  1.3474,   0.3716,   0.2385, 2
A,  612, LYS,  1.0021,   0.1791,   0.1415, 2
A,  613, LEU,  1.0080,   0.1824,   0.1431, 22
A,  614, CYS,  0.4888,  -0.1070,   0.0344, 0
A,  615, MET,  1.5831,   0.5029,   0.3056, 2
A,  616, SER,  0.8332,   0.0850,   0.0990, 22
A,  617, THR,  0.8119,   0.0731,   0.0939, 0
A,  618, CYS,  1.2685,   0.3276,   0.2159, 0
A,  619, PHE,  0.3501,  -0.1843,   0.0185, 0
A,  620, ASN,  0.4142,  -0.1486,   0.0252, 0
A,  621, PHE,  2.2564,   0.8782,   0.4716, 0
A,  622, SER,  0.4543,  -0.1262,   0.0299, 0
A,  623, PHE,  0.0264,  -0.3647,   0.0006, 0
A,  624, TYR,  0.2348,  -0.2486,   0.0091, 0
A,  625, PHE,  1.7458,   0.5936,   0.3498, 0
A,  626, MET,  0.6441,  -0.0204,   0.0590, 0
A,  627, VAL,  0.1175,  -0.3140,   0.0030, 0
A,  628, HIS,  0.4307,  -0.1394,   0.0271, 0
A,  629, PHE,  0.3360,  -0.1922,   0.0172, 0
A,  630, ARG,  0.7902,   0.0610,   0.0890, 0
A,  631, ARG,  0.6702,  -0.0059,   0.0638, 0
A,  632, ASP,  0.2994,  -0.2126,   0.0139, 0
A,  633, PRO,  0.4018,  -0.1555,   0.0238, 0
A,  634, GLY,  0.3721,  -0.1721,   0.0206, 0
A,  635, ARG,  0.7190,   0.0213,   0.0736, 0
A,  636, PHE,  1.6446,   0.5372,   0.3224, 0
A,  637, PHE,  1.4900,   0.4511,   0.2798, 0
A,  638, PHE,  0.7889,   0.0603,   0.0887, 0
A,  639, TYR,  0.2273,  -0.2528,   0.0085, 0
A,  640, TRP,  1.3651,   0.3814,   0.2436, 22
A,  641, LEU,  0.8072,   0.0705,   0.0928, 22
A,  642, PHE,  0.0878,  -0.3305,   0.0020, 0
A,  643, CYS,  0.2975,  -0.2136,   0.0138, 0
A,  644, GLY,  0.7380,   0.0319,   0.0776, 22
A,  645, LEU,  0.8880,   0.1155,   0.1122, 0
A,  646, CYS,  0.2830,  -0.2217,   0.0126, 0
A,  647, THR,  0.6267,  -0.0301,   0.0559, 0
A,  648, LEU,  0.7753,   0.0527,   0.0857, 22
A,  649, CYS,  0.0685,  -0.3413,   0.0014, 0
A,  650, MET,  0.3951,  -0.1592,   0.0230, 0
A,  651, SER,  0.1439,  -0.2993,   0.0041, 0
A,  652, HIS,  0.2507,  -0.2397,   0.0102, 27
A,  653, MET,  0.5557,  -0.0697,   0.0442, 23
A,  654, PHE,  0.1362,  -0.3035,   0.0037, 0
A,  655, ARG,  1.0528,   0.2074,   0.1552, 2
A,  656, SER,  0.3195,  -0.2013,   0.0156, 0
A,  657, LEU,  0.3680,  -0.1743,   0.0202, 23
A,  658, GLY,  0.1499,  -0.2959,   0.0043, 0
A,  659, ALA,  0.5121,  -0.0940,   0.0376, 0
A,  660, VAL,  0.3755,  -0.1702,   0.0210, 0
A,  661, SER,  0.1511,  -0.2952,   0.0044, 0
A,  662, THR,  0.2163,  -0.2589,   0.0078, 0
A,  663, SER,  1.0946,   0.2307,   0.1667, 0
A,  664, LEU,  1.4471,   0.4272,   0.2675, 0
A,  665, ALA,  1.3486,   0.3723,   0.2388, 0
A,  666, ALA,  0.7565,   0.0422,   0.0815, 0
A,  667, ALA,  0.0538,  -0.3495,   0.0011, 0
A,  668, MET,  0.4105,  -0.1506,   0.0247, 0
A,  669, THR,  0.4432,  -0.1324,   0.0286, 0
A,  670, PRO,  0.4610,  -0.1225,   0.0308, 0
A,  671, ALA,  0.0130,  -0.3722,   0.0004, 0
A,  672, THR,  0.6053,  -0.0421,   0.0522, 0
A,  673, SER,  0.9365,   0.1425,   0.1244, 0
A,  674, VAL,  1.3863,   0.3933,   0.2498, 23
A,  675, LEU,  1.0430,   0.2019,   0.1524, 16
A,  676, LEU,  0.2793,  -0.2238,   0.0123, 0
A,  677, ALA,  1.3706,   0.3845,   0.2452, 23
A,  678, MET,  1.1134,   0.2412,   0.1720, 23
A,  679, VAL,  1.4693,   0.4395,   0.2739, 28
A,  680, ILE,  0.2805,  -0.2231,   0.0124, 0
A,  681, PHE,  0.7554,   0.0416,   0.0813, 0
A,  682, THR,  0.4217,  -0.1444,   0.0260, 0
A,  683, GLY,  0.1815,  -0.2783,   0.0058, 0
A,  684, PHE,  1.7012,   0.5688,   0.3379, 5
A,  685, VAL,  1.1765,   0.2763,   0.1896, 0
A,  686, ILE,  0.2735,  -0.2270,   0.0118, 0
A,  687, PRO,  1.6112,   0.5186,   0.3133, 0
A,  688, ILE,  0.8811,   0.1117,   0.1105, 0
A,  689, PRO,  0.2445,  -0.2432,   0.0097, 10
A,  690, SER,  0.8601,   0.1000,   0.1053, 10
A,  691, MET,  0.3110,  -0.2061,   0.0149, 0
A,  692, LEU,  1.0500,   0.2058,   0.1544, 10
A,  693, GLY,  0.1411,  -0.3008,   0.0039, 0
A,  694, TRP,  2.2882,   0.8960,   0.4784, 24
A,  695, CYS,  0.7542,   0.0409,   0.0810, 0
A,  696, ARG,  0.7344,   0.0299,   0.0768, 0
A,  697, TRP,  1.4578,   0.4331,   0.2707, 0
A,  698, ILE,  1.8620,   0.6584,   0.3795, 0
A,  699, GLN,  0.9364,   0.1425,   0.1244, 0
A,  700, TYR,  1.0577,   0.2101,   0.1565, 0
A,  701, ILE,  1.5117,   0.4632,   0.2860, 23
A,  702, ASN,  0.7440,   0.0353,   0.0788, 0
A,  703, PRO,  0.3537,  -0.1823,   0.0188, 0
A,  704, VAL,  0.3998,  -0.1566,   0.0235, 28
A,  705, SER,  0.5669,  -0.0635,   0.0459, 0
A,  706, TYR,  1.1102,   0.2394,   0.1711, 0
A,  707, VAL,  0.0685,  -0.3413,   0.0014, 0
A,  708, PHE,  0.9683,   0.1603,   0.1327, 0
A,  709, GLU,  0.8499,   0.0943,   0.1028, 0
A,  710, SER,  0.0000,  -0.3795,   0.0002, 0
A,  711, LEU,  0.2085,  -0.2632,   0.0074, 0
A,  712, MET,  1.3548,   0.3757,   0.2406, 0
A,  713, VAL,  0.2238,  -0.2547,   0.0083, 0
A,  714, ASN,  0.6677,  -0.0073,   0.0633, 0
A,  715, GLU,  0.3071,  -0.2083,   0.0146, 0
A,  716, PHE,  0.2955,  -0.2148,   0.0136, 0
A,  717, HIS,  0.4504,  -0.1284,   0.0295, 0
A,  718, GLY,  0.1262,  -0.3091,   0.0033, 0
A,  719, ARG,  0.4730,  -0.1158,   0.0323, 0
A,  720, LYS,  0.1885,  -0.2744,   0.0062, 0
A,  721, PHE,  0.1046,  -0.3212,   0.0025, 0
A,  722, GLU,  0.0436,  -0.3552,   0.0009, 0
A,  723, CYS,  0.1054,  -0.3207,   0.0025, 0
A,  724, ALA,  0.1638,  -0.2882,   0.0050, 0
A,  725, GLN,  0.9092,   0.1273,   0.1175, 0
A,  726, PHE,  0.3371,  -0.1916,   0.0173, 0
A,  727, VAL,  0.7276,   0.0261,   0.0754, 0
A,  728, PRO,  0.5637,  -0.0653,   0.0454, 0
A,  729, SER,  0.3268,  -0.1973,   0.0163, 0
A,  730, GLY,  0.1146,  -0.3156,   0.0029, 0
A,  731, GLY,  0.0553,  -0.3486,   0.0011, 0
A,  732, PRO,  0.2899,  -0.2179,   0.0132, 0
A,  733, TYR,  0.3085,  -0.2075,   0.0147, 0
A,  734, ASP,  0.0969,  -0.3254,   0.0022, 0
A,  735, GLN,  0.0162,  -0.3704,   0.0004, 0
A,  736, VAL,  0.2680,  -0.2301,   0.0114, 0
A,  737, ALA,  0.0479,  -0.3528,   0.0010, 0
A,  738, ALA,  0.0341,  -0.3605,   0.0007, 0
A,  739, VAL,  0.0704,  -0.3402,   0.0015, 0
A,  740, ASN,  0.0286,  -0.3635,   0.0006, 0
A,  741, ARG,  0.1339,  -0.3048,   0.0036, 0
A,  742, VAL,  0.3498,  -0.1845,   0.0185, 0
A,  743, CYS,  0.1322,  -0.3058,   0.0035, 0
A,  744, SER,  1.0280,   0.1936,   0.1485, 0
A,  745, THR,  0.8252,   0.0805,   0.0971, 5
A,  746, ALA,  1.0963,   0.2316,   0.1671, 5
A,  747, GLY,  0.4795,  -0.1122,   0.0331, 0
A,  748, ALA,  0.4812,  -0.1112,   0.0334, 0
A,  749, ARG,  0.4305,  -0.1395,   0.0271, 0
A,  750, PRO,  0.4288,  -0.1405,   0.0269, 0
A,  751, GLY,  0.0575,  -0.3474,   0.0012, 0
A,  752, GLU,  0.0445,  -0.3547,   0.0009, 0
A,  753, ASP,  0.0953,  -0.3264,   0.0022, 0
A,  754, PHE,  0.0628,  -0.3444,   0.0013, 0
A,  755, VAL,  0.0538,  -0.3495,   0.0011, 0
A,  756, ASP,  0.0347,  -0.3601,   0.0007, 0
A,  757, GLY,  0.0171,  -0.3699,   0.0004, 0
A,  758, THR,  0.0639,  -0.3439,   0.0013, 0
A,  759, ALA,  0.0828,  -0.3333,   0.0018, 0
A,  760, TYR,  2.2291,   0.8630,   0.4657, 5
A,  761, LEU,  0.3056,  -0.2091,   0.0144, 0
A,  762, GLN,  0.0578,  -0.3473,   0.0012, 0
A,  763, THR,  0.5306,  -0.0837,   0.0404, 0
A,  764, SER,  1.9188,   0.6901,   0.3935, 5
A,  765, PHE,  2.3346,   0.9218,   0.4879, 5
A,  766, GLU,  0.6384,  -0.0236,   0.0579, 0
A,  767, TYR,  0.7145,   0.0188,   0.0726, 0
A,  768, VAL,  0.3337,  -0.1934,   0.0170, 0
A,  769, ASN,  0.3444,  -0.1875,   0.0180, 0
A,  770, ALA,  0.1065,  -0.3201,   0.0026, 0
A,  771, HIS,  0.7969,   0.0647,   0.0905, 0
A,  772, LYS,  0.5152,  -0.0923,   0.0381, 0
A,  773, TRP,  0.6082,  -0.0405,   0.0527, 0
A,  774, ARG,  0.9443,   0.1469,   0.1264, 0
A,  775, ASN,  0.7189,   0.0213,   0.0736, 0
A,  776, LEU,  0.2658,  -0.2313,   0.0112, 0
A,  777, GLY,  0.1609,  -0.2898,   0.0048, 0
A,  778, ILE,  0.4640,  -0.1208,   0.0311, 0
A,  779, VAL,  0.1866,  -0.2754,   0.0061, 0
A,  780, VAL,  0.1783,  -0.2801,   0.0057, 0
A,  781, ALA,  0.2228,  -0.2553,   0.0082, 0
A,  782, TYR,  0.5412,  -0.0778,   0.0420, 0
A,  783, ILE,  0.2494,  -0.2404,   0.0101, 27
A,  784, VAL,  0.1423,  -0.3001,   0.0040, 0
A,  785, VAL,  0.3803,  -0.1675,   0.0215, 0
A,  786, PHE,  0.6750,  -0.0032,   0.0648, 23
A,  787, LEU,  0.3360,  -0.1922,   0.0172, 27
A,  788, GLY,  0.2457,  -0.2425,   0.0098, 0
A,  789, VAL,  0.5573,  -0.0688,   0.0444, 0
A,  790, TYR,  0.8374,   0.0873,   0.0999, 0
A,  791, ILE,  0.7875,   0.0595,   0.0884, 0
A,  792, ALA,  0.2990,  -0.2128,   0.0139, 0
A,  793, LEU,  0.5896,  -0.0508,   0.0496, 0
A,  794, THR,  0.6988,   0.0100,   0.0694, 0
A,  795, GLU,  0.5209,  -0.0891,   0.0389, 17
A,  796, PHE,  0.3032,  -0.2105,   0.0142, 0
A,  797, ASN,  0.3324,  -0.1942,   0.0168, 0
A,  798, LYS,  0.4417,  -0.1333,   0.0284, 17
A,  799, GLY,  0.2188,  -0.2575,   0.0080, 0
A,  800, ALA,  0.1485,  -0.2967,   0.0043, 0
A,  801, MET,  0.5342,  -0.0817,   0.0410, 11
A,  802, GLN,  0.5362,  -0.0806,   0.0412, 11
A,  803, LYS,  1.4841,   0.4478,   0.2781, 0
A,  804, GLY,  1.3961,   0.3987,   0.2526, 8
A,  805, GLU,  3.7327,   1.7012,   0.7120, 4
A,  806, ILE,  1.6899,   0.5625,   0.3348, 8
A,  807, ALA,  1.6123,   0.5192,   0.3136, 0
A,  808, LEU,  0.5429,  -0.0769,   0.0422, 0
A,  809, PHE,  1.7782,   0.6117,   0.3581, 0
A,  810, LEU,  1.0264,   0.1927,   0.1480, 0
A,  811, ARG,  1.1683,   0.2718,   0.1874, 0
A,  812, GLY,  0.7312,   0.0281,   0.0762, 0
A,  813, SER,  0.6926,   0.0066,   0.0682, 0
A,  814, LEU,  0.8722,   0.1067,   0.1083, 0
A,  815, LYS,  0.2835,  -0.2214,   0.0126, 0
A,  816, LYS,  0.1856,  -0.2760,   0.0061, 0
A,  817, VAL,  1.2738,   0.3306,   0.2174, 0
A,  818, ARG,  0.6149,  -0.0367,   0.0538, 0
A,  819, LYS,  0.0388,  -0.3578,   0.0008, 0
A,  820, GLN,  0.8850,   0.1138,   0.1114, 0
A,  821, ARG,  1.5903,   0.5070,   0.3076, 0
A,  822, GLU,  0.0697,  -0.3406,   0.0015, 0
A,  823, GLN,  0.0333,  -0.3609,   0.0007, 0
A,  824, ASN,  0.6822,   0.0008,   0.0662, 0
A,  825, GLU,  0.3476,  -0.1857,   0.0183, 0
A,  826, ALA,  0.0043,  -0.3771,   0.0003, 0
A,  827, LYS,  0.0302,  -0.3626,   0.0006, 0
A,  828, VAL,  0.2866,  -0.2197,   0.0129, 0
A,  829, ASN,  0.0110,  -0.3734,   0.0004, 0
A,  830, ASP,  0.0076,  -0.3752,   0.0003, 0
A,  831, VAL,  0.0089,  -0.3745,   0.0003, 0
A,  832, GLU,  0.0031,  -0.3777,   0.0003, 0
A,  833, ASN,  0.0117,  -0.3730,   0.0004, 0
A,  834, ASN,  0.0084,  -0.3748,   0.0003, 0
A,  835, LEU,  0.1785,  -0.2800,   0.0057, 0
A,  836, PRO,  0.0805,  -0.3346,   0.0018, 0
A,  837, ASN,  0.0157,  -0.3707,   0.0004, 0
A,  838, GLU,  0.3140,  -0.2045,   0.0152, 0
A,  839, LYS,  0.3034,  -0.2103,   0.0143, 0
A,  840, ILE,  0.8884,   0.1157,   0.1123, 0
A,  841, SER,  1.1212,   0.2455,   0.1742, 0
A,  842, TYR,  3.5257,   1.5857,   0.6863, 0
A,  843, SER,  1.6814,   0.5577,   0.3324, 7
A,  844, ASP,  1.0664,   0.2150,   0.1590, 0
A,  845, ALA,  0.8135,   0.0740,   0.0943, 0
A,  846, MET,  2.2056,   0.8500,   0.4604, 7
A,  847, GLU,  1.5027,   0.4581,   0.2835, 7
A,  848, LYS,  0.7334,   0.0294,   0.0766, 0
A,  849, ASP,  0.7072,   0.0147,   0.0711, 0
A,  850, SER,  0.4900,  -0.1064,   0.0345, 0
A,  851, GLY,  0.0147,  -0.3713,   0.0004, 0
A,  852, GLU,  0.0102,  -0.3738,   0.0004, 0
A,  853, SER,  0.3350,  -0.1928,   0.0171, 0
A,  854, SER,  0.1918,  -0.2726,   0.0064, 0
A,  855, THR,  0.3765,  -0.1696,   0.0211, 0
A,  856, SER,  0.1302,  -0.3069,   0.0035, 0
A,  857, ASP,  0.1696,  -0.2850,   0.0052, 0
A,  858, ASP,  0.0429,  -0.3555,   0.0009, 0
A,  859, LYS,  0.2293,  -0.2517,   0.0087, 0
A,  860, LEU,  0.2920,  -0.2167,   0.0133, 0
A,  861, PRO,  0.5146,  -0.0926,   0.0380, 0
A,  862, ASN,  0.1331,  -0.3053,   0.0036, 0
A,  863, GLN,  0.1291,  -0.3075,   0.0034, 0
A,  864, ARG,  0.1413,  -0.3007,   0.0039, 0
A,  865, GLN,  0.4081,  -0.1520,   0.0245, 25
A,  866, ILE,  0.1648,  -0.2876,   0.0050, 0
A,  867, PHE,  0.0260,  -0.3650,   0.0006, 0
A,  868, HIS,  0.0399,  -0.3572,   0.0008, 0
A,  869, TRP,  0.0972,  -0.3253,   0.0022, 0
A,  870, LYS,  0.0656,  -0.3429,   0.0014, 0
A,  871, ASP,  0.0707,  -0.3400,   0.0015, 0
A,  872, LEU,  0.0701,  -0.3404,   0.0015, 0
A,  873, THR,  0.0273,  -0.3643,   0.0006, 0
A,  874, TYR,  0.4588,  -0.1237,   0.0305, 0
A,  875, GLN,  0.0497,  -0.3518,   0.0010, 0
A,  876, VAL,  0.4853,  -0.1090,   0.0339, 0
A,  877, LYS,  0.0566,  -0.3479,   0.0012, 0
A,  878, ILE,  0.3165,  -0.2030,   0.0154, 0
A,  879, LYS,  0.0540,  -0.3494,   0.0011, 0
A,  880, ALA,  0.0219,  -0.3673,   0.0005, 0
A,  881, GLU,  0.0090,  -0.3744,   0.0003, 0
A,  882, ASN,  0.0274,  -0.3642,   0.0006, 0
A,  883, ARG,  0.2262,  -0.2534,   0.0085, 0
A,  884, VAL,  0.1485,  -0.2967,   0.0043, 0
A,  885, ILE,  0.8206,   0.0779,   0.0960, 13
A,  886, LEU,  0.0845,  -0.3324,   0.0019, 0
A,  887, ASN,  0.3961,  -0.1587,   0.0231, 0
A,  888, HIS,  0.3998,  -0.1566,   0.0235, 0
A,  889, VAL,  0.3218,  -0.2001,   0.0159, 0
A,  890, ASP,  0.3241,  -0.1988,   0.0161, 0
A,  891, GLY,  0.2594,  -0.2349,   0.0108, 0
A,  892, TRP,  0.5288,  -0.0847,   0.0401, 0
A,  893, VAL,  0.0235,  -0.3664,   0.0005, 0
A,  894, LYS,  0.2444,  -0.2432,   0.0097, 0
A,  895, PRO,  0.0886,  -0.3301,   0.0020, 0
A,  896, GLY,  0.0404,  -0.3569,   0.0008, 0
A,  897, GLN,  0.0479,  -0.3527,   0.0010, 0
A,  898, ILE,  0.0094,  -0.3742,   0.0003, 0
A,  899, THR,  0.0235,  -0.3664,   0.0005, 0
A,  900, ALA,  0.0000,  -0.3795,   0.0002, 0
A,  901, LEU,  0.0235,  -0.3664,   0.0005, 0
A,  902, MET,  0.1226,  -0.3111,   0.0032, 0
A,  903, GLY,  0.5266,  -0.0859,   0.0398, 0
A,  904, ALA,  1.0377,   0.1990,   0.1510, 0
A,  905, SER,  1.9280,   0.6952,   0.3958, 13
A,  906, GLY,  1.3135,   0.3527,   0.2289, 13
A,  907, ALA,  1.1066,   0.2374,   0.1700, 0
A,  908, GLY,  1.2057,   0.2926,   0.1979, 13
A,  909, LYS,  1.7682,   0.6062,   0.3555, 13
A,  910, THR,  1.7473,   0.5945,   0.3502, 13
A,  911, THR,  1.5240,   0.4700,   0.2894, 13
A,  912, LEU,  0.3573,  -0.1803,   0.0192, 0
A,  913, LEU,  0.2229,  -0.2552,   0.0083, 0
A,  914, ASN,  0.7738,   0.0518,   0.0853, 0
A,  915, CYS,  0.0769,  -0.3366,   0.0017, 0
A,  916, LEU,  0.0263,  -0.3648,   0.0006, 0
A,  917, SER,  0.0030,  -0.3778,   0.0003, 0
A,  918, GLU,  0.1317,  -0.3061,   0.0035, 0
A,  919, ARG,  0.6381,  -0.0238,   0.0579, 0
A,  920, LEU,  0.4231,  -0.1436,   0.0262, 0
A,  921, THR,  0.2774,  -0.2248,   0.0121, 0
A,  922, THR,  0.3523,  -0.1831,   0.0187, 0
A,  923, GLY,  0.1561,  -0.2924,   0.0046, 0
A,  924, THR,  0.0815,  -0.3340,   0.0018, 0
A,  925, VAL,  0.1382,  -0.3024,   0.0038, 0
A,  926, THR,  0.0305,  -0.3624,   0.0007, 0
A,  927, ASP,  0.0471,  -0.3532,   0.0010, 0
A,  928, GLY,  0.1050,  -0.3209,   0.0025, 0
A,  929, VAL,  0.1436,  -0.2994,   0.0040, 0
A,  930, ARG,  0.1614,  -0.2895,   0.0048, 0
A,  931, MET,  0.1078,  -0.3194,   0.0026, 0
A,  932, VAL,  0.3112,  -0.2060,   0.0149, 25
A,  933, ASN,  0.2071,  -0.2640,   0.0073, 0
A,  934, GLY,  0.0713,  -0.3397,   0.0015, 0
A,  935, HIS,  0.2576,  -0.2359,   0.0106, 0
A,  936, GLY,  0.1795,  -0.2794,   0.0057, 0
A,  937, LEU,  0.2488,  -0.2408,   0.0100, 0
A,  938, ASP,  0.3708,  -0.1728,   0.0205, 25
A,  939, SER,  0.0648,  -0.3433,   0.0014, 0
A,  940, SER,  0.9702,   0.1613,   0.1332, 25
A,  941, PHE,  0.3215,  -0.2002,   0.0158, 25
A,  942, GLN,  0.1269,  -0.3087,   0.0033, 0
A,  943, ARG,  1.2795,   0.3337,   0.2190, 0
A,  944, SER,  1.0956,   0.2312,   0.1669, 25
A,  945, ILE,  0.0489,  -0.3522,   0.0010, 0
A,  946, GLY,  0.0403,  -0.3570,   0.0008, 0
A,  947, TYR,  0.5574,  -0.0688,   0.0444, 0
A,  948, VAL,  0.1923,  -0.2723,   0.0064, 0
A,  949, GLN,  0.5197,  -0.0898,   0.0387, 0
A,  950, GLN,  1.8648,   0.6600,   0.3802, 0
A,  951, GLN,  0.4582,  -0.1240,   0.0304, 0
A,  952, ASP,  0.3838,  -0.1655,   0.0218, 0
A,  953, ILE,  0.3645,  -0.1763,   0.0199, 0
A,  954, HIS,  0.6622,  -0.0103,   0.0623, 19
A,  955, LEU,  1.6684,   0.5505,   0.3289, 19
A,  956, ALA,  1.7440,   0.5927,   0.3494, 0
A,  957, THR,  1.5760,   0.4990,   0.3037, 0
A,  958, SER,  0.5499,  -0.0730,   0.0433, 19
A,  959, THR,  0.1869,  -0.2753,   0.0061, 0
A,  960, VAL,  0.0000,  -0.3795,   0.0002, 0
A,  961, ARG,  0.2052,  -0.2651,   0.0072, 0
A,  962, GLU,  0.6027,  -0.0435,   0.0517, 26
A,  963, ALA,  0.3634,  -0.1769,   0.0197, 19
A,  964, LEU,  0.0577,  -0.3473,   0.0012, 0
A,  965, THR,  0.3819,  -0.1666,   0.0216, 26
A,  966, PHE,  0.8138,   0.0741,   0.0944, 19
A,  967, SER,  0.2589,  -0.2352,   0.0107, 0
A,  968, ALA,  0.0676,  -0.3418,   0.0014, 0
A,  969, TYR,  0.5014,  -0.1000,   0.0361, 26
A,  970, LEU,  0.1692,  -0.2851,   0.0052, 0
A,  971, ARG,  0.6696,  -0.0062,   0.0637, 0
A,  972, GLN,  0.6887,   0.0044,   0.0674, 0
A,  973, PRO,  1.2509,   0.3178,   0.2108, 0
A,  974, SER,  0.1750,  -0.2819,   0.0055, 0
A,  975, HIS,  0.5350,  -0.0813,   0.0411, 0
A,  976, VAL,  0.6188,  -0.0346,   0.0545, 0
A,  977, SER,  0.2090,  -0.2629,   0.0074, 0
A,  978, LYS,  0.5701,  -0.0617,   0.0464, 26
A,  979, LYS,  0.1021,  -0.3226,   0.0024, 0
A,  980, GLU,  0.1474,  -0.2973,   0.0042, 0
A,  981, LYS,  0.2518,  -0.2391,   0.0102, 0
A,  982, ASP,  0.0630,  -0.3444,   0.0013, 0
A,  983, GLU,  0.0421,  -0.3560,   0.0009, 0
A,  984, TYR,  0.2466,  -0.2420,   0.0099, 0
A,  985, VAL,  0.0210,  -0.3678,   0.0005, 0
A,  986, ASP,  0.0798,  -0.3350,   0.0017, 0
A,  987, TYR,  0.4233,  -0.1435,   0.0262, 0
A,  988, VAL,  0.1582,  -0.2913,   0.0047, 0
A,  989, ILE,  0.3965,  -0.1585,   0.0232, 0
A,  990, ASP,  0.5133,  -0.0933,   0.0378, 0
A,  991, LEU,  0.5013,  -0.1001,   0.0361, 0
A,  992, LEU,  0.0527,  -0.3501,   0.0011, 0
A,  993, GLU,  0.8910,   0.1172,   0.1129, 7
A,  994, MET,  0.5210,  -0.0890,   0.0389, 0
A,  995, GLY,  0.7609,   0.0447,   0.0825, 0
A,  996, ALA,  1.9457,   0.7051,   0.4001, 0
A,  997, TYR,  1.7887,   0.6176,   0.3608, 7
A,  998, SER,  0.3569,  -0.1805,   0.0191, 0
A,  999, ASP,  0.1961,  -0.2701,   0.0066, 0
A, 1000, ALA,  0.7200,   0.0219,   0.0738, 0
A, 1001, LEU,  0.3122,  -0.2054,   0.0150, 0
A, 1002, VAL,  0.2395,  -0.2460,   0.0094, 0
A, 1003, GLY,  0.5519,  -0.0718,   0.0436, 0
A, 1004, VAL,  1.3080,   0.3496,   0.2273, 0
A, 1005, ALA,  0.6460,  -0.0194,   0.0593, 0
A, 1006, GLY,  0.6623,  -0.0103,   0.0623, 0
A, 1007, GLU,  0.5809,  -0.0557,   0.0482, 0
A, 1008, GLY,  0.5420,  -0.0773,   0.0421, 0
A, 1009, LEU,  0.9058,   0.1255,   0.1166, 0
A, 1010, ASN,  1.9639,   0.7152,   0.4046, 7
A, 1011, VAL,  1.3195,   0.3560,   0.2306, 9
A, 1012, GLU,  1.3642,   0.3810,   0.2434, 7
A, 1013, GLN,  1.6834,   0.5589,   0.3330, 7
A, 1014, ARG,  0.5347,  -0.0814,   0.0410, 0
A, 1015, LYS,  0.1776,  -0.2805,   0.0056, 0
A, 1016, ARG,  1.1944,   0.2863,   0.1947, 7
A, 1017, LEU,  0.1077,  -0.3195,   0.0026, 0
A, 1018, THR,  0.1176,  -0.3139,   0.0030, 0
A, 1019, ILE,  0.0308,  -0.3623,   0.0007, 0
A, 1020, GLY,  0.1581,  -0.2913,   0.0047, 0
A, 1021, VAL,  0.2833,  -0.2215,   0.0126, 19
A, 1022, GLU,  0.1306,  -0.3067,   0.0035, 0
A, 1023, LEU,  0.1815,  -0.2783,   0.0058, 0
A, 1024, VAL,  0.1676,  -0.2860,   0.0051, 0
A, 1025, ALA,  0.7566,   0.0423,   0.0815, 0
A, 1026, LYS,  1.1917,   0.2848,   0.1939, 0
A, 1027, PRO,  0.5538,  -0.0708,   0.0439, 0
A, 1028, LYS,  1.4776,   0.4442,   0.2762, 25
A, 1029, LEU,  0.3626,  -0.1774,   0.0197, 25
A, 1030, LEU,  0.0000,  -0.3795,   0.0002, 0
A, 1031, LEU,  0.0000,  -0.3795,   0.0002, 0
A, 1032, PHE,  0.0235,  -0.3664,   0.0005, 0
A, 1033, LEU,  0.0000,  -0.3795,   0.0002, 0
A, 1034, ASP,  0.4022,  -0.1553,   0.0238, 0
A, 1035, GLU,  1.6312,   0.5298,   0.3188, 13
A, 1036, PRO,  0.0431,  -0.3554,   0.0009, 0
A, 1037, THR,  0.9942,   0.1747,   0.1394, 0
A, 1038, SER,  2.3798,   0.9470,   0.4977, 0
A, 1039, GLY,  2.1478,   0.8177,   0.4472, 0
A, 1040, LEU,  1.3449,   0.3702,   0.2378, 0
A, 1041, ASP,  0.9571,   0.1541,   0.1297, 4
A, 1042, SER,  0.9251,   0.1362,   0.1216, 15
A, 1043, GLN,  0.9909,   0.1729,   0.1385, 7
A, 1044, THR,  0.7196,   0.0216,   0.0737, 7
A, 1045, ALA,  0.2831,  -0.2216,   0.0126, 0
A, 1046, TRP,  0.8674,   0.1040,   0.1071, 7
A, 1047, SER,  0.7508,   0.0390,   0.0803, 7
A, 1048, ILE,  0.0067,  -0.3757,   0.0003, 0
A, 1049, CYS,  0.0018,  -0.3785,   0.0003, 0
A, 1050, LYS,  0.2310,  -0.2507,   0.0088, 7
A, 1051, LEU,  0.0521,  -0.3504,   0.0011, 0
A, 1052, MET,  0.0013,  -0.3787,   0.0002, 0
A, 1053, ARG,  0.0595,  -0.3463,   0.0012, 0
A, 1054, LYS,  0.4761,  -0.1141,   0.0327, 0
A, 1055, LEU,  0.1773,  -0.2806,   0.0056, 0
A, 1056, ALA,  0.0259,  -0.3651,   0.0006, 0
A, 1057, ASN,  0.0923,  -0.3280,   0.0021, 0
A, 1058, HIS,  0.3643,  -0.1764,   0.0198, 0
A, 1059, GLY,  0.0409,  -0.3567,   0.0008, 0
A, 1060, GLN,  0.0481,  -0.3526,   0.0010, 0
A, 1061, ALA,  0.0008,  -0.3790,   0.0002, 0
A, 1062, ILE,  0.0000,  -0.3795,   0.0002, 0
A, 1063, LEU,  0.0235,  -0.3664,   0.0005, 0
A, 1064, CYS,  0.0000,  -0.3795,   0.0002, 0
A, 1065, THR,  0.1034,  -0.3218,   0.0025, 0
A, 1066, ILE,  0.3627,  -0.1773,   0.0197, 0
A, 1067, HIS,  2.8710,   1.2209,   0.5898, 13
A, 1068, GLN,  1.9452,   0.7048,   0.4000, 20
A, 1069, PRO,  0.5740,  -0.0595,   0.0471, 20
A, 1070, SER,  1.0414,   0.2010,   0.1520, 15
A, 1071, ALA,  0.6563,  -0.0137,   0.0612, 0
A, 1072, ILE,  1.0079,   0.1823,   0.1430, 15
A, 1073, LEU,  0.6195,  -0.0342,   0.0546, 0
A, 1074, LEU,  0.0561,  -0.3482,   0.0011, 0
A, 1075, GLN,  0.1510,  -0.2953,   0.0044, 0
A, 1076, GLU,  0.0809,  -0.3344,   0.0018, 0
A, 1077, PHE,  0.0248,  -0.3656,   0.0006, 0
A, 1078, ASP,  0.0374,  -0.3586,   0.0008, 0
A, 1079, ARG,  0.5177,  -0.0909,   0.0384, 0
A, 1080, LEU,  0.0000,  -0.3795,   0.0002, 0
A, 1081, LEU,  0.0572,  -0.3476,   0.0012, 0
A, 1082, PHE,  0.1824,  -0.2778,   0.0059, 0
A, 1083, LEU,  0.1301,  -0.3069,   0.0035, 0
A, 1084, GLN,  0.1832,  -0.2773,   0.0059, 0
A, 1085, LYS,  0.3053,  -0.2093,   0.0144, 0
A, 1086, GLY,  0.1441,  -0.2991,   0.0041, 0
A, 1087, GLY,  0.0884,  -0.3302,   0.0020, 0
A, 1088, LYS,  0.3495,  -0.1847,   0.0184, 0
A, 1089, THR,  0.2674,  -0.2304,   0.0114, 0
A, 1090, VAL,  0.1566,  -0.2922,   0.0046, 0
A, 1091, TYR,  0.8440,   0.0910,   0.1015, 0
A, 1092, PHE,  0.9518,   0.1510,   0.1283, 0
A, 1093, GLY,  1.1144,   0.2417,   0.1723, 0
A, 1094, ASP,  1.1113,   0.2400,   0.1714, 0
A, 1095, LEU,  0.1229,  -0.3110,   0.0032, 0
A, 1096, GLY,  0.0995,  -0.3240,   0.0023, 0
A, 1097, LYS,  0.1250,  -0.3098,   0.0033, 0
A, 1098, ASN,  0.1542,  -0.2935,   0.0045, 0
A, 1099, CYS,  0.1014,  -0.3229,   0.0024, 0
A, 1100, GLN,  0.1426,  -0.3000,   0.0040, 0
A, 1101, GLY,  0.6709,  -0.0055,   0.0640, 0
A, 1102, LEU,  0.4471,  -0.1302,   0.0291, 0
A, 1103, ILE,  0.1216,  -0.3117,   0.0031, 0
A, 1104, ASP,  0.3876,  -0.1634,   0.0222, 0
A, 1105, TYR,  0.6711,  -0.0054,   0.0640, 0
A, 1106, PHE,  0.0831,  -0.3332,   0.0018, 0
A, 1107, GLU,  0.0368,  -0.3590,   0.0008, 0
A, 1108, LYS,  0.2176,  -0.2582,   0.0079, 0
A, 1109, HIS,  0.3361,  -0.1921,   0.0172, 0
A, 1110, GLY,  0.1871,  -0.2752,   0.0061, 0
A, 1111, ALA,  0.1885,  -0.2744,   0.0062, 0
A, 1112, HIS,  0.2520,  -0.2390,   0.0102, 0
A, 1113, PRO,  0.0613,  -0.3453,   0.0013, 0
A, 1114, CYS,  0.0918,  -0.3283,   0.0021, 0
A, 1115, PRO,  0.2020,  -0.2669,   0.0070, 0
A, 1116, PRO,  0.0895,  -0.3296,   0.0020, 0
A, 1117, ASP,  0.4618,  -0.1220,   0.0309, 0
A, 1118, ALA,  0.5597,  -0.0675,   0.0448, 0
A, 1119, ASN,  1.1216,   0.2457,   0.1743, 0
A, 1120, PRO,  0.1138,  -0.3160,   0.0028, 0
A, 1121, ALA,  0.0660,  -0.3427,   0.0014, 0
A, 1122, GLU,  1.5579,   0.4889,   0.2988, 20
A, 1123, TRP,  0.3475,  -0.1858,   0.0182, 0
A, 1124, MET,  0.0160,  -0.3705,   0.0004, 0
A, 1125, LEU,  0.6945,   0.0077,   0.0686, 0
A, 1126, GLU,  0.5144,  -0.0928,   0.0380, 0
A, 1127, VAL,  0.2123,  -0.2611,   0.0076, 0
A, 1128, VAL,  0.2962,  -0.2144,   0.0137, 0
A, 1129, GLY,  0.2303,  -0.2511,   0.0087, 0
A, 1130, ALA,  0.5625,  -0.0659,   0.0452, 0
A, 1131, ALA,  0.9307,   0.1393,   0.1230, 0
A, 1132, PRO,  1.2150,   0.2978,   0.2006, 0
A, 1133, GLY,  0.2714,  -0.2282,   0.0117, 0
A, 1134, SER,  0.1806,  -0.2788,   0.0058, 0
A, 1135, LYS,  0.1373,  -0.3029,   0.0038, 0
A, 1136, ALA,  0.2837,  -0.2214,   0.0126, 0
A, 1137, ALA,  0.2093,  -0.2628,   0.0074, 0
A, 1138, GLN,  0.1387,  -0.3022,   0.0038, 0
A, 1139, ASP,  0.0312,  -0.3621,   0.0007, 0
A, 1140, TYR,  0.2024,  -0.2667,   0.0070, 0
A, 1141, PHE,  0.3727,  -0.1717,   0.0207, 0
A, 1142, GLU,  0.0882,  -0.3303,   0.0020, 0
A, 1143, VAL,  0.0263,  -0.3648,   0.0006, 0
A, 1144, TRP,  1.1195,   0.2446,   0.1737, 0
A, 1145, ARG,  0.4349,  -0.1370,   0.0276, 0
A, 1146, ASN,  0.0400,  -0.3572,   0.0008, 0
A, 1147, SER,  0.1738,  -0.2826,   0.0054, 0
A, 1148, GLU,  0.0141,  -0.3716,   0.0004, 0
A, 1149, GLU,  1.0993,   0.2333,   0.1680, 0
A, 1150, TYR,  0.4514,  -0.1278,   0.0296, 0
A, 1151, GLN,  0.0434,  -0.3553,   0.0009, 0
A, 1152, GLU,  0.4958,  -0.1031,   0.0353, 0
A, 1153, VAL,  0.7167,   0.0200,   0.0731, 0
A, 1154, GLN,  0.2993,  -0.2126,   0.0139, 0
A, 1155, ARG,  0.1039,  -0.3216,   0.0025, 0
A, 1156, GLU,  0.4472,  -0.1302,   0.0291, 0
A, 1157, LEU,  0.0890,  -0.3298,   0.0020, 0
A, 1158, ALA,  0.0741,  -0.3381,   0.0016, 0
A, 1159, TYR,  0.2182,  -0.2578,   0.0080, 0
A, 1160, MET,  0.1813,  -0.2784,   0.0058, 0
A, 1161, GLU,  0.0544,  -0.3491,   0.0011, 0
A, 1162, ASN,  0.0167,  -0.3701,   0.0004, 0
A, 1163, GLU,  0.1007,  -0.3233,   0.0024, 0
A, 1164, LEU,  0.1953,  -0.2706,   0.0066, 0
A, 1165, GLY,  0.0208,  -0.3679,   0.0005, 0
A, 1166, LYS,  0.0299,  -0.3628,   0.0006, 0
A, 1167, LEU,  0.1636,  -0.2883,   0.0049, 0
A, 1168, PRO,  0.1136,  -0.3162,   0.0028, 0
A, 1169, VAL,  0.3212,  -0.2004,   0.0158, 25
A, 1170, ASP,  0.6861,   0.0030,   0.0669, 25
A, 1171, GLU,  0.0301,  -0.3627,   0.0006, 0
A, 1172, ASP,  0.3140,  -0.2044,   0.0152, 0
A, 1173, PRO,  0.0299,  -0.3628,   0.0006, 0
A, 1174, GLU,  0.6388,  -0.0234,   0.0580, 0
A, 1175, SER,  1.0516,   0.2067,   0.1548, 25
A, 1176, ARG,  0.2731,  -0.2272,   0.0118, 0
A, 1177, LYS,  0.2225,  -0.2555,   0.0082, 0
A, 1178, LYS,  0.8403,   0.0889,   0.1006, 12
A, 1179, TYR,  0.9196,   0.1331,   0.1202, 12
A, 1180, ALA,  0.5938,  -0.0485,   0.0503, 0
A, 1181, THR,  0.2577,  -0.2358,   0.0106, 0
A, 1182, SER,  0.1711,  -0.2841,   0.0053, 0
A, 1183, LEU,  1.0822,   0.2238,   0.1632, 0
A, 1184, ILE,  0.6709,  -0.0055,   0.0640, 0
A, 1185, LYS,  0.5690,  -0.0623,   0.0462, 0
A, 1186, GLN,  0.1715,  -0.2838,   0.0053, 0
A, 1187, TYR,  1.2539,   0.3194,   0.2117, 0
A, 1188, PHE,  1.0905,   0.2284,   0.1655, 0
A, 1189, ILE,  0.7735,   0.0517,   0.0853, 26
A, 1190, VAL,  0.3709,  -0.1727,   0.0205, 0
A, 1191, THR,  1.0488,   0.2051,   0.1540, 0
A, 1192, TRP,  1.7845,   0.6152,   0.3597, 26
A, 1193, ARG,  1.1271,   0.2488,   0.1758, 19
A, 1194, THR,  0.4464,  -0.1306,   0.0290, 0
A, 1195, PHE,  2.1333,   0.8096,   0.4438, 0
A, 1196, GLN,  1.3087,   0.3500,   0.2275, 0
A, 1197, GLN,  1.5740,   0.4979,   0.3032, 0
A, 1198, TYR,  0.6547,  -0.0146,   0.0609, 0
A, 1199, TRP,  2.7707,   1.1649,   0.5726, 0
A, 1200, ARG,  1.5101,   0.4623,   0.2855, 0
A, 1201, SER,  1.6900,   0.5626,   0.3348, 0
A, 1202, PRO,  1.0385,   0.1994,   0.1513, 0
A, 1203, GLY,  1.3727,   0.3857,   0.2458, 0
A, 1204, TYR,  1.9624,   0.7144,   0.4042, 0
A, 1205, ILE,  1.5557,   0.4877,   0.2982, 0
A, 1206, TYR,  2.0698,   0.7743,   0.4296, 0
A, 1207, SER,  0.7482,   0.0376,   0.0797, 0
A, 1208, LYS,  0.4848,  -0.1093,   0.0339, 0
A, 1209, PHE,  2.3185,   0.9129,   0.4846, 0
A, 1210, PHE,  0.9475,   0.1487,   0.1272, 0
A, 1211, LEU,  0.1064,  -0.3202,   0.0026, 0
A, 1212, VAL,  0.0180,  -0.3694,   0.0005, 0
A, 1213, ILE,  1.2320,   0.3072,   0.2054, 0
A, 1214, THR,  0.7608,   0.0446,   0.0824, 0
A, 1215, ALA,  0.2266,  -0.2531,   0.0085, 0
A, 1216, SER,  0.0228,  -0.3667,   0.0005, 0
A, 1217, LEU,  1.5502,   0.4846,   0.2967, 24
A, 1218, PHE,  2.1409,   0.8139,   0.4456, 24
A, 1219, ASN,  0.3795,  -0.1679,   0.0214, 0
A, 1220, GLY,  0.0433,  -0.3553,   0.0009, 0
A, 1221, PHE,  2.1760,   0.8335,   0.4538, 24
A, 1222, ALA,  0.3141,  -0.2044,   0.0152, 10
A, 1223, PHE,  0.5408,  -0.0780,   0.0419, 10
A, 1224, PHE,  1.5805,   0.5015,   0.3049, 10
A, 1225, HIS,  0.9198,   0.1332,   0.1202, 10
A, 1226, SER,  0.8851,   0.1139,   0.1114, 10
A, 1227, GLY,  0.9384,   0.1436,   0.1249, 10
A, 1228, THR,  0.4772,  -0.1135,   0.0328, 0
A, 1229, SER,  0.8645,   0.1024,   0.1064, 10
A, 1230, GLN,  0.7206,   0.0222,   0.0739, 5
A, 1231, GLN,  2.1928,   0.8428,   0.4576, 5
A, 1232, GLY,  0.7919,   0.0620,   0.0893, 10
A, 1233, LEU,  0.4823,  -0.1106,   0.0335, 0
A, 1234, GLN,  2.1941,   0.8435,   0.4579, 5
A, 1235, ASN,  0.6952,   0.0080,   0.0687, 10
A, 1236, GLN,  0.4708,  -0.1170,   0.0320, 0
A, 1237, MET,  0.3351,  -0.1927,   0.0171, 14
A, 1238, PHE,  0.9689,   0.1606,   0.1328, 0
A, 1239, SER,  0.0044,  -0.3770,   0.0003, 0
A, 1240, MET,  0.0000,  -0.3795,   0.0002, 0
A, 1241, PHE,  2.1336,   0.8098,   0.4439, 0
A, 1242, MET,  1.1607,   0.2675,   0.1852, 0
A, 1243, PHE,  0.0180,  -0.3694,   0.0005, 0
A, 1244, TYR,  0.1642,  -0.2879,   0.0050, 0
A, 1245, MET,  1.8863,   0.6720,   0.3856, 16
A, 1246, PRO,  0.4096,  -0.1512,   0.0246, 0
A, 1247, LEU,  0.4199,  -0.1454,   0.0258, 0
A, 1248, GLN,  1.6770,   0.5553,   0.3313, 3
A, 1249, THR,  0.6661,  -0.0082,   0.0630, 16
A, 1250, LEU,  0.0000,  -0.3795,   0.0002, 0
A, 1251, ILE,  0.0223,  -0.3670,   0.0005, 0
A, 1252, GLN,  0.7876,   0.0595,   0.0884, 0
A, 1253, GLN,  0.4829,  -0.1103,   0.0336, 0
A, 1254, MET,  0.3137,  -0.2046,   0.0151, 0
A, 1255, LEU,  0.4954,  -0.1033,   0.0353, 0
A, 1256, PRO,  1.6899,   0.5625,   0.3348, 0
A, 1257, TYR,  2.4835,   1.0048,   0.5189, 0
A, 1258, TYR,  0.2552,  -0.2372,   0.0105, 0
A, 1259, VAL,  0.4985,  -0.1016,   0.0357, 0
A, 1260, MET,  2.0599,   0.7687,   0.4274, 0
A, 1261, GLN,  0.9662,   0.1591,   0.1321, 0
A, 1262, ARG,  0.2543,  -0.2377,   0.0104, 0
A, 1263, GLU,  0.5704,  -0.0615,   0.0465, 0
A, 1264, ILE,  1.0016,   0.1789,   0.1413, 19
A, 1265, TYR,  0.9296,   0.1387,   0.1227, 12
A, 1266, GLU,  0.3205,  -0.2008,   0.0157, 12
A, 1267, VAL,  0.3196,  -0.2013,   0.0157, 0
A, 1268, ARG,  0.3084,  -0.2076,   0.0147, 19
A, 1269, GLU,  0.6041,  -0.0427,   0.0520, 19
A, 1270, ALA,  0.6761,  -0.0026,   0.0650, 12
A, 1271, PRO,  0.4426,  -0.1328,   0.0285, 0
A, 1272, SER,  0.1535,  -0.2939,   0.0045, 0
A, 1273, ARG,  0.7873,   0.0594,   0.0883, 12
A, 1274, THR,  0.1459,  -0.2981,   0.0041, 19
A, 1275, PHE,  0.9311,   0.1395,   0.1231, 12
A, 1276, SER,  0.7985,   0.0656,   0.0908, 0
A, 1277, TRP,  1.7758,   0.6104,   0.3575, 12
A, 1278, PHE,  2.3568,   0.9342,   0.4927, 0
A, 1279, ALA,  0.2885,  -0.2187,   0.0130, 0
A, 1280, PHE,  0.3267,  -0.1974,   0.0163, 0
A, 1281, ILE,  0.3337,  -0.1935,   0.0170, 0
A, 1282, ALA,  1.0634,   0.2133,   0.1581, 0
A, 1283, SER,  0.4870,  -0.1080,   0.0341, 0
A, 1284, GLN,  0.6365,  -0.0247,   0.0576, 0
A, 1285, ILE,  0.9589,   0.1551,   0.1302, 0
A, 1286, THR,  1.3036,   0.3471,   0.2260, 0
A, 1287, THR,  1.1520,   0.2627,   0.1827, 0
A, 1288, GLU,  0.5932,  -0.0488,   0.0502, 0
A, 1289, ILE,  0.9646,   0.1582,   0.1317, 0
A, 1290, PRO,  1.4434,   0.4251,   0.2664, 0
A, 1291, PHE,  2.1301,   0.8079,   0.4431, 0
A, 1292, GLN,  0.4024,  -0.1551,   0.0238, 0
A, 1293, VAL,  0.8911,   0.1172,   0.1129, 0
A, 1294, VAL,  1.8543,   0.6541,   0.3776, 0
A, 1295, LEU,  0.3139,  -0.2045,   0.0151, 0
A, 1296, GLY,  0.0000,  -0.3795,   0.0002, 0
A, 1297, THR,  0.5294,  -0.0844,   0.0402, 21
A, 1298, VAL,  1.1847,   0.2809,   0.1919, 0
A, 1299, ALA,  0.0236,  -0.3663,   0.0005, 0
A, 1300, PHE,  0.8401,   0.0888,   0.1005, 21
A, 1301, PHE,  1.3213,   0.3570,   0.2311, 21
A, 1302, CYS,  0.8020,   0.0676,   0.0916, 0
A, 1303, TRP,  0.1370,  -0.3031,   0.0038, 0
A, 1304, TYR,  0.8243,   0.0800,   0.0969, 0
A, 1305, TYR,  1.8852,   0.6713,   0.3854, 21
A, 1306, PRO,  0.6085,  -0.0403,   0.0527, 0
A, 1307, VAL,  0.0262,  -0.3648,   0.0006, 0
A, 1308, GLY,  0.2107,  -0.2620,   0.0075, 0
A, 1309, LEU,  0.0599,  -0.3461,   0.0012, 0
A, 1310, TYR,  1.2633,   0.3247,   0.2144, 0
A, 1311, GLN,  0.4880,  -0.1074,   0.0343, 0
A, 1312, ASN,  0.2010,  -0.2674,   0.0069, 0
A, 1313, ALA,  0.1302,  -0.3069,   0.0035, 0
A, 1314, THR,  0.1828,  -0.2776,   0.0059, 0
A, 1315, PRO,  0.1562,  -0.2924,   0.0046, 0
A, 1316, THR,  0.0663,  -0.3425,   0.0014, 0
A, 1317, ASP,  0.0143,  -0.3715,   0.0004, 0
A, 1318, THR,  0.0654,  -0.3430,   0.0014, 0
A, 1319, VAL,  0.8856,   0.1142,   0.1116, 0
A, 1320, HIS,  0.5593,  -0.0677,   0.0447, 0
A, 1321, GLU,  0.1130,  -0.3165,   0.0028, 0
A, 1322, ARG,  0.3065,  -0.2086,   0.0145, 0
A, 1323, GLY,  0.6785,  -0.0013,   0.0655, 21
A, 1324, ALA,  0.6504,  -0.0169,   0.0601, 21
A, 1325, LEU,  0.2382,  -0.2467,   0.0093, 0
A, 1326, MET,  0.1192,  -0.3130,   0.0030, 0
A, 1327, TRP,  0.7333,   0.0293,   0.0766, 21
A, 1328, LEU,  1.0506,   0.2061,   0.1545, 0
A, 1329, LEU,  0.1813,  -0.2784,   0.0058, 0
A, 1330, VAL,  0.0000,  -0.3795,   0.0002, 0
A, 1331, THR,  0.7342,   0.0298,   0.0768, 0
A, 1332, ALA,  0.9611,   0.1563,   0.1307, 0
A, 1333, PHE,  0.1573,  -0.2918,   0.0047, 0
A, 1334, TYR,  0.0945,  -0.3268,   0.0022, 0
A, 1335, VAL,  1.0383,   0.1993,   0.1512, 0
A, 1336, TYR,  2.1321,   0.8090,   0.4436, 6
A, 1337, THR,  0.0260,  -0.3650,   0.0006, 0
A, 1338, ILE,  0.3548,  -0.1817,   0.0189, 0
A, 1339, SER,  0.0997,  -0.3239,   0.0023, 0
A, 1340, LEU,  2.1309,   0.8083,   0.4433, 6
A, 1341, GLY,  0.0000,  -0.3795,   0.0002, 0
A, 1342, GLN,  0.3548,  -0.1817,   0.0189, 0
A, 1343, MET,  3.0896,   1.3427,   0.6249, 6
A, 1344, VAL,  0.9398,   0.1444,   0.1252, 0
A, 1345, VAL,  0.0826,  -0.3334,   0.0018, 0
A, 1346, ALA,  0.0000,  -0.3795,   0.0002, 0
A, 1347, PHE,  1.9207,   0.6911,   0.3940, 0
A, 1348, MET,  1.5315,   0.4742,   0.2914, 0
A, 1349, GLU,  0.3737,  -0.1712,   0.0208, 0
A, 1350, ILE,  1.1578,   0.2659,   0.1844, 0
A, 1351, ALA,  0.8807,   0.1115,   0.1104, 0
A, 1352, ASP,  1.5268,   0.4716,   0.2901, 0
A, 1353, ASN,  0.9488,   0.1494,   0.1275, 0
A, 1354, ALA,  0.1270,  -0.3087,   0.0033, 0
A, 1355, ALA,  0.2614,  -0.2338,   0.0109, 0
A, 1356, ASN,  2.2245,   0.8605,   0.4647, 3
A, 1357, MET,  2.1076,   0.7953,   0.4381, 3
A, 1358, VAL,  0.0297,  -0.3629,   0.0006, 0
A, 1359, ASN,  2.3855,   0.9502,   0.4989, 3
A, 1360, LEU,  2.4640,   0.9940,   0.5149, 3
A, 1361, MET,  3.0535,   1.3226,   0.6194, 6
A, 1362, PHE,  2.4662,   0.9952,   0.5154, 16
A, 1363, ILE,  2.7326,   1.1437,   0.5656, 3
A, 1364, MET,  1.2924,   0.3410,   0.2227, 6
A, 1365, CYS,  1.7806,   0.6130,   0.3587, 6
A, 1366, LEU,  2.3228,   0.9153,   0.4855, 0
A, 1367, ASN,  0.9954,   0.1754,   0.1397, 0
A, 1368, PHE,  0.3689,  -0.1738,   0.0203, 0
A, 1369, CYS,  0.0995,  -0.3240,   0.0023, 0
A, 1370, GLY,  0.1402,  -0.3013,   0.0039, 0
A, 1371, VAL,  0.2555,  -0.2371,   0.0105, 0
A, 1372, LEU,  1.3466,   0.3711,   0.2383, 0
A, 1373, ALA,  0.2683,  -0.2299,   0.0114, 0
A, 1374, THR,  0.4756,  -0.1144,   0.0326, 14
A, 1375, PRO,  0.5032,  -0.0990,   0.0364, 0
A, 1376, GLU,  0.1759,  -0.2814,   0.0055, 0
A, 1377, ALA,  0.7008,   0.0112,   0.0698, 0
A, 1378, LEU,  0.2789,  -0.2240,   0.0123, 0
A, 1379, PRO,  0.5372,  -0.0800,   0.0414, 0
A, 1380, GLY,  0.1019,  -0.3227,   0.0024, 0
A, 1381, PHE,  2.0251,   0.7493,   0.4193, 0
A, 1382, TRP,  1.6889,   0.5619,   0.3345, 0
A, 1383, ILE,  0.0957,  -0.3261,   0.0022, 0
A, 1384, PHE,  1.6624,   0.5471,   0.3273, 0
A, 1385, MET,  1.2712,   0.3291,   0.2166, 6
A, 1386, TYR,  0.7106,   0.0166,   0.0718, 0
A, 1387, ARG,  0.8362,   0.0866,   0.0996, 0
A, 1388, CYS,  1.5856,   0.5044,   0.3063, 6
A, 1389, ASN,  1.6856,   0.5601,   0.3336, 6
A, 1390, PRO,  2.1118,   0.7977,   0.4391, 6
A, 1391, PHE,  0.7629,   0.0458,   0.0829, 0
A, 1392, THR,  0.6705,  -0.0057,   0.0639, 0
A, 1393, TYR,  0.8649,   0.1026,   0.1065, 0
A, 1394, LEU,  0.0000,  -0.3795,   0.0002, 0
A, 1395, ILE,  0.0995,  -0.3240,   0.0023, 0
A, 1396, GLN,  0.6853,   0.0025,   0.0668, 0
A, 1397, ALA,  0.0000,  -0.3795,   0.0002, 0
A, 1398, MET,  0.0000,  -0.3795,   0.0002, 0
A, 1399, LEU,  0.0995,  -0.3240,   0.0023, 0
A, 1400, SER,  0.0149,  -0.3712,   0.0004, 0
A, 1401, THR,  0.0315,  -0.3619,   0.0007, 0
A, 1402, GLY,  0.0315,  -0.3619,   0.0007, 0
A, 1403, LEU,  0.0000,  -0.3795,   0.0002, 0
A, 1404, ALA,  0.0252,  -0.3654,   0.0006, 0
A, 1405, ASN,  0.1044,  -0.3213,   0.0025, 0
A, 1406, THR,  0.2053,  -0.2650,   0.0072, 0
A, 1407, LYS,  0.1595,  -0.2906,   0.0048, 0
A, 1408, ILE,  0.1334,  -0.3051,   0.0036, 0
A, 1409, VAL,  0.4127,  -0.1494,   0.0250, 0
A, 1410, CYS,  0.2408,  -0.2452,   0.0095, 0
A, 1411, SER,  0.5860,  -0.0528,   0.0490, 10
A, 1412, SER,  0.1655,  -0.2872,   0.0050, 0
A, 1413, ARG,  0.7218,   0.0229,   0.0742, 0
A, 1414, GLU,  0.6040,  -0.0428,   0.0519, 0
A, 1415, ILE,  0.6108,  -0.0390,   0.0531, 0
A, 1416, LEU,  0.8421,   0.0899,   0.1010, 0
A, 1417, HIS,  0.4911,  -0.1057,   0.0347, 0
A, 1418, PHE,  0.1435,  -0.2995,   0.0040, 0
A, 1419, GLN,  0.0467,  -0.3534,   0.0009, 0
A, 1420, PRO,  0.0240,  -0.3661,   0.0005, 0
A, 1421, PRO,  0.2738,  -0.2268,   0.0119, 0
A, 1422, SER,  0.0325,  -0.3613,   0.0007, 0
A, 1423, GLY,  0.0234,  -0.3664,   0.0005, 0
A, 1424, GLN,  0.2695,  -0.2293,   0.0115, 0
A, 1425, THR,  0.0147,  -0.3713,   0.0004, 0
A, 1426, CYS,  0.0228,  -0.3667,   0.0005, 0
A, 1427, GLY,  0.0348,  -0.3601,   0.0007, 0
A, 1428, GLN,  0.1546,  -0.2933,   0.0045, 0
A, 1429, TYR,  0.2641,  -0.2323,   0.0111, 0
A, 1430, MET,  0.2762,  -0.2255,   0.0120, 0
A, 1431, GLN,  0.0552,  -0.3487,   0.0011, 0
A, 1432, GLN,  0.1751,  -0.2819,   0.0055, 0
A, 1433, PHE,  0.7841,   0.0576,   0.0876, 0
A, 1434, ILE,  0.1799,  -0.2792,   0.0058, 0
A, 1435, SER,  0.0235,  -0.3664,   0.0005, 0
A, 1436, ALA,  0.0777,  -0.3362,   0.0017, 0
A, 1437, ALA,  0.8095,   0.0717,   0.0934, 0
A, 1438, GLY,  0.7164,   0.0199,   0.0730, 0
A, 1439, GLY,  0.6413,  -0.0220,   0.0584, 0
A, 1440, TYR,  0.2974,  -0.2137,   0.0138, 0
A, 1441, LEU,  0.1051,  -0.3209,   0.0025, 0
A, 1442, LEU,  0.2052,  -0.2651,   0.0072, 0
A, 1443, ASP,  0.0134,  -0.3720,   0.0004, 0
A, 1444, GLU,  0.0649,  -0.3433,   0.0014, 0
A, 1445, SER,  0.0069,  -0.3756,   0.0003, 0
A, 1446, ALA,  0.0101,  -0.3738,   0.0004, 0
A, 1447, THR,  0.0235,  -0.3664,   0.0005, 0
A, 1448, ASP,  0.0260,  -0.3650,   0.0006, 0
A, 1449, GLN,  0.0369,  -0.3589,   0.0008, 0
A, 1450, CYS,  0.0047,  -0.3768,   0.0003, 0
A, 1451, ASP,  0.0124,  -0.3725,   0.0004, 0
A, 1452, PHE,  0.7303,   0.0276,   0.0760, 0
A, 1453, CYS,  0.4605,  -0.1228,   0.0307, 0
A, 1454, ALA,  0.9210,   0.1339,   0.1206, 0
A, 1455, MET,  1.0506,   0.2061,   0.1545, 0
A, 1456, SER,  0.1402,  -0.3013,   0.0039, 0
A, 1457, GLN,  0.1254,  -0.3096,   0.0033, 0
A, 1458, THR,  0.0299,  -0.3628,   0.0006, 0
A, 1459, ASN,  0.0665,  -0.3424,   0.0014, 0
A, 1460, THR,  0.2944,  -0.2154,   0.0135, 0
A, 1461, PHE,  0.4874,  -0.1078,   0.0342, 14
A, 1462, LEU,  0.0177,  -0.3696,   0.0005, 0
A, 1463, ASP,  0.0479,  -0.3528,   0.0010, 0
A, 1464, SER,  0.3814,  -0.1669,   0.0216, 14
A, 1465, VAL,  0.5148,  -0.0925,   0.0380, 14
A, 1466, HIS,  0.5612,  -0.0667,   0.0450, 0
A, 1467, ALA,  0.1283,  -0.3080,   0.0034, 0
A, 1468, VAL,  0.1600,  -0.2903,   0.0048, 0
A, 1469, TYR,  0.0963,  -0.3258,   0.0022, 0
A, 1470, SER,  0.0731,  -0.3387,   0.0016, 0
A, 1471, GLU,  0.2398,  -0.2458,   0.0094, 0
A, 1472, ARG,  0.0869,  -0.3310,   0.0019, 0
A, 1473, TRP,  0.3889,  -0.1627,   0.0224, 0
A, 1474, ARG,  0.6956,   0.0082,   0.0688, 0
A, 1475, ASN,  0.4078,  -0.1521,   0.0244, 0
A, 1476, PHE,  0.8563,   0.0979,   0.1044, 0
A, 1477, GLY,  0.2137,  -0.2603,   0.0077, 0
A, 1478, ILE,  0.6541,  -0.0149,   0.0608, 0
A, 1479, PHE,  0.2680,  -0.2301,   0.0114, 0
A, 1480, ILE,  1.2125,   0.2964,   0.1999, 0
A, 1481, ALA,  0.4371,  -0.1358,   0.0279, 0
A, 1482, PHE,  2.2861,   0.8948,   0.4780, 6
A, 1483, ILE,  1.0543,   0.2082,   0.1556, 0
A, 1484, ALA,  0.3315,  -0.1947,   0.0167, 0
A, 1485, ILE,  1.9838,   0.7263,   0.4095, 6
A, 1486, ASN,  1.8146,   0.6320,   0.3674, 6
A, 1487, MET,  1.1772,   0.2767,   0.1899, 0
A, 1488, ILE,  1.2925,   0.3410,   0.2227, 0
A, 1489, GLY,  1.3267,   0.3600,   0.2326, 0
A, 1490, THR,  0.3145,  -0.2042,   0.0152, 0
A, 1491, ILE,  1.5552,   0.4874,   0.2981, 0
A, 1492, PHE,  2.3233,   0.9155,   0.4856, 0
A, 1493, PHE,  2.6683,   1.1079,   0.5539, 0
A, 1494, TYR,  0.4219,  -0.1443,   0.0261, 12
A, 1495, TRP,  1.0515,   0.2066,   0.1548, 0
A, 1496, LEU,  1.0473,   0.2043,   0.1536, 0
A, 1497, ALA,  0.2530,  -0.2384,   0.0103, 0
A, 1498, ARG,  0.2897,  -0.2180,   0.0131, 12
A, 1499, VAL,  1.1001,   0.2337,   0.1682, 12
A, 1500, PRO,  0.7811,   0.0559,   0.0870, 12
A, 1501, LYS,  0.1400,  -0.3014,   0.0039, 0
A, 1502, SER,  0.1316,  -0.3061,   0.0035, 0
A, 1503, SER,  0.0676,  -0.3418,   0.0014, 0
A, 1504, LYS,  0.0489,  -0.3522,   0.0010, 0
A, 1505, SER,  0.0291,  -0.3632,   0.0006, 0
A, 1506, LYS,  0.0290,  -0.3633,   0.0006, 0
A, 1507, ASN,  0.0185,  -0.3691,   0.0005, 0
A, 1508, HIS,  0.0410,  -0.3566,   0.0008, 0
